season,season_type,player_id,player_name,teams,games,fga,avg_defensive_hand_height,avg_shooter_speed,avg_rotation_degrees,avg_defender_pressure_score,defensive_hand_height_rank,shooter_speed_rank,rotation_degrees_rank,defender_pressure_score_rank,official_row_exposed,coverage_status
2025-26,Regular Season,1627759,Jaylen Brown,BOS,71,1543,90.068,4.887,0.0,0.859,14,57,1,8,True,official_qualified_leader_row
2025-26,Regular Season,1630178,Tyrese Maxey,PHI,70,1501,81.546,7.192,0.0,0.801,114,5,1,102,True,official_qualified_leader_row
2025-26,Regular Season,1628973,Jalen Brunson,NYK,74,1475,83.463,4.888,0.0,0.844,103,56,1,28,True,official_qualified_leader_row
2025-26,Regular Season,1629029,Luka Dončić,LAL,64,1457,85.325,4.134,0.0,0.856,78,89,1,11,True,official_qualified_leader_row
2025-26,Regular Season,1628378,Donovan Mitchell,CLE,70,1403,85.516,5.195,0.0,0.831,76,44,1,45,True,official_qualified_leader_row
2025-26,Regular Season,201142,Kevin Durant,HOU,78,1376,94.534,3.548,0.0,0.865,1,112,1,4,True,official_qualified_leader_row
2025-26,Regular Season,1627750,Jamal Murray,DEN,75,1360,87.238,5.23,0.0,0.83,51,42,1,50,True,official_qualified_leader_row
2025-26,Regular Season,1628983,Shai Gilgeous-Alexander,OKC,68,1321,87.303,5.296,0.0,0.843,46,39,1,32,True,official_qualified_leader_row
2025-26,Regular Season,1627742,Brandon Ingram,TOR,77,1288,92.886,4.007,0.0,0.864,2,97,1,5,True,official_qualified_leader_row
2025-26,Regular Season,202695,Kawhi Leonard,LAC,65,1258,89.462,3.837,0.0,0.851,19,101,1,17,True,official_qualified_leader_row
2025-26,Regular Season,1630163,LaMelo Ball,CHA,72,1244,80.56,5.033,0.0,0.805,118,52,1,97,True,official_qualified_leader_row
2025-26,Regular Season,1630162,Anthony Edwards,MIN,61,1231,88.652,4.121,0.0,0.843,27,92,1,31,True,official_qualified_leader_row
2025-26,Regular Season,1630552,Jalen Johnson,ATL,72,1228,87.385,4.981,0.0,0.844,43,54,1,27,True,official_qualified_leader_row
2025-26,Regular Season,203944,Julius Randle,MIN,79,1207,87.255,5.367,0.0,0.831,49,35,1,46,True,official_qualified_leader_row
2025-26,Regular Season,1630217,Desmond Bane,ORL,82,1205,85.763,6.538,0.0,0.82,73,8,1,68,True,official_qualified_leader_row
2025-26,Regular Season,1626164,Devin Booker,PHX,64,1198,90.235,4.567,0.0,0.858,12,73,1,10,True,official_qualified_leader_row
2025-26,Regular Season,1629638,Nickeil Alexander-Walker,ATL,78,1195,86.082,4.832,0.0,0.806,68,60,1,95,True,official_qualified_leader_row
2025-26,Regular Season,1642843,Cooper Flagg,DAL,70,1194,89.914,5.452,0.0,0.855,15,33,1,12,True,official_qualified_leader_row
2025-26,Regular Season,1630595,Cade Cunningham,DET,64,1189,89.734,5.529,0.0,0.847,16,28,1,24,True,official_qualified_leader_row
2025-26,Regular Season,1627783,Pascal Siakam,IND,62,1155,84.332,5.511,0.0,0.836,93,31,1,37,True,official_qualified_leader_row
2025-26,Regular Season,203468,CJ McCollum,ATL|WAS,76,1154,86.579,5.302,0.0,0.829,61,38,1,51,True,official_qualified_leader_row
2025-26,Regular Season,1631094,Paolo Banchero,ORL,72,1152,90.628,5.236,0.0,0.851,7,41,1,18,True,official_qualified_leader_row
2025-26,Regular Season,1628389,Bam Adebayo,MIA,73,1145,85.727,3.669,0.0,0.824,74,107,1,57,True,official_qualified_leader_row
2025-26,Regular Season,203999,Nikola Jokić,DEN,65,1132,90.151,4.046,0.0,0.864,13,95,1,6,True,official_qualified_leader_row
2025-26,Regular Season,1630578,Alperen Sengun,HOU,72,1123,88.331,4.717,0.0,0.865,32,68,1,3,True,official_qualified_leader_row
2025-26,Regular Season,201935,James Harden,CLE|LAC,70,1123,88.917,5.782,0.0,0.847,26,18,1,25,True,official_qualified_leader_row
2025-26,Regular Season,1630567,Scottie Barnes,TOR,80,1123,89.419,4.481,0.0,0.851,20,76,1,16,True,official_qualified_leader_row
2025-26,Regular Season,1628401,Derrick White,BOS,77,1108,82.541,3.439,0.0,0.818,107,115,1,72,True,official_qualified_leader_row
2025-26,Regular Season,1630202,Payton Pritchard,BOS,79,1091,84.836,3.69,0.0,0.791,86,106,1,117,True,official_qualified_leader_row
2025-26,Regular Season,1642851,Kon Knueppel,CHA,81,1084,84.467,4.688,0.0,0.8,90,70,1,105,True,official_qualified_leader_row
2025-26,Regular Season,1641705,Victor Wembanyama,SAS,64,1080,88.005,4.794,0.0,0.851,36,62,1,19,True,official_qualified_leader_row
2025-26,Regular Season,1630166,Deni Avdija,POR,66,1064,86.82,5.782,0.0,0.818,57,19,1,71,True,official_qualified_leader_row
2025-26,Regular Season,1630530,Trey Murphy III,NOP,66,1050,81.573,4.78,0.0,0.798,113,64,1,109,True,official_qualified_leader_row
2025-26,Regular Season,1628368,De'Aaron Fox,SAS,72,1047,85.137,4.394,0.0,0.82,82,79,1,66,True,official_qualified_leader_row
2025-26,Regular Season,1641708,Amen Thompson,HOU,79,1044,81.452,6.182,0.0,0.814,115,11,1,86,True,official_qualified_leader_row
2025-26,Regular Season,1641706,Brandon Miller,CHA,65,1044,83.668,4.371,0.0,0.805,101,80,1,96,True,official_qualified_leader_row
2025-26,Regular Season,1628970,Miles Bridges,CHA,77,1042,85.062,5.055,0.0,0.817,84,50,1,74,True,official_qualified_leader_row
2025-26,Regular Season,1626157,Karl-Anthony Towns,NYK,75,1032,83.615,5.012,0.0,0.835,102,53,1,40,True,official_qualified_leader_row
2025-26,Regular Season,1631157,Ryan Rollins,MIL,74,1030,88.368,5.263,0.0,0.82,31,40,1,65,True,official_qualified_leader_row
2025-26,Regular Season,1642845,VJ Edgecombe,PHI,75,1030,86.011,4.817,0.0,0.828,70,61,1,54,True,official_qualified_leader_row
2025-26,Regular Season,1642847,Jeremiah Fears,NOP,82,1006,81.805,7.414,0.0,0.815,110,3,1,82,True,official_qualified_leader_row
2025-26,Regular Season,201942,DeMar DeRozan,SAC,77,1005,90.617,3.582,0.0,0.879,8,109,1,1,True,official_qualified_leader_row
2025-26,Regular Season,1631095,Jabari Smith Jr.,HOU,77,974,89.366,3.068,0.0,0.816,21,122,1,78,True,official_qualified_leader_row
2025-26,Regular Season,1630180,Saddiq Bey,NOP,72,967,83.863,5.511,0.0,0.807,99,30,1,92,True,official_qualified_leader_row
2025-26,Regular Season,1641824,Matas Buzelis,CHI,77,963,88.243,5.602,0.0,0.82,35,25,1,64,True,official_qualified_leader_row
2025-26,Regular Season,1628969,Mikal Bridges,NYK,82,963,87.643,5.149,0.0,0.809,41,46,1,90,True,official_qualified_leader_row
2025-26,Regular Season,1628415,Dillon Brooks,PHX,56,959,86.193,4.06,0.0,0.822,67,94,1,60,True,official_qualified_leader_row
2025-26,Regular Season,1629008,Michael Porter Jr.,BKN,52,958,89.548,3.285,0.0,0.86,17,117,1,7,True,official_qualified_leader_row
2025-26,Regular Season,1642263,Reed Sheppard,HOU,82,946,80.938,4.722,0.0,0.783,117,66,1,120,True,official_qualified_leader_row
2025-26,Regular Season,2544,LeBron James,LAL,60,919,85.269,6.882,0.0,0.829,80,7,1,53,True,official_qualified_leader_row
2025-26,Regular Season,1631170,Jaime Jaquez Jr.,MIA,75,915,87.855,5.825,0.0,0.844,39,17,1,29,True,official_qualified_leader_row
2025-26,Regular Season,1630193,Immanuel Quickley,TOR,70,905,77.712,5.16,0.0,0.768,123,45,1,125,True,official_qualified_leader_row
2025-26,Regular Season,1626181,Norman Powell,MIA,58,895,89.202,5.86,0.0,0.842,22,16,1,33,True,official_qualified_leader_row
2025-26,Regular Season,1642846,Ace Bailey,UTA,72,892,82.827,3.737,0.0,0.797,105,103,1,110,True,official_qualified_leader_row
2025-26,Regular Season,1641739,Toumani Camara,POR,82,891,87.268,3.708,0.0,0.772,48,104,1,122,True,official_qualified_leader_row
2025-26,Regular Season,1641718,Keyonte George,UTA,54,881,88.283,5.52,0.0,0.839,34,29,1,35,True,official_qualified_leader_row
2025-26,Regular Season,1629675,Naz Reid,MIN,77,871,86.0,4.199,0.0,0.803,71,86,1,100,True,official_qualified_leader_row
2025-26,Regular Season,1631101,Shaedon Sharpe,POR,50,868,86.888,5.718,0.0,0.832,56,22,1,44,True,official_qualified_leader_row
2025-26,Regular Season,1641764,Brandin Podziemski,GSW,82,866,75.111,5.565,0.0,0.785,125,27,1,119,True,official_qualified_leader_row
2025-26,Regular Season,1630168,Onyeka Okongwu,ATL,74,860,83.727,4.126,0.0,0.799,100,91,1,107,True,official_qualified_leader_row
2025-26,Regular Season,1630596,Evan Mobley,CLE,65,859,90.46,4.078,0.0,0.848,9,93,1,22,True,official_qualified_leader_row
2025-26,Regular Season,1641729,Brice Sensabaugh,UTA,75,857,89.06,3.795,0.0,0.817,24,102,1,75,True,official_qualified_leader_row
2025-26,Regular Season,1631221,Collin Gillespie,PHX,80,842,77.065,3.978,0.0,0.769,124,98,1,124,True,official_qualified_leader_row
2025-26,Regular Season,201566,Russell Westbrook,SAC,64,839,79.289,5.392,0.0,0.804,122,34,1,98,True,official_qualified_leader_row
2025-26,Regular Season,1628978,Donte DiVincenzo,MIN,82,835,80.425,3.563,0.0,0.775,119,110,1,121,True,official_qualified_leader_row
2025-26,Regular Season,203952,Andrew Wiggins,MIA,68,821,91.761,4.364,0.0,0.83,4,81,1,47,True,official_qualified_leader_row
2025-26,Regular Season,1630230,Naji Marshall,DAL,74,821,87.285,5.117,0.0,0.835,47,48,1,39,True,official_qualified_leader_row
2025-26,Regular Season,1642264,Stephon Castle,SAS,68,817,84.445,5.124,0.0,0.826,91,47,1,55,True,official_qualified_leader_row
2025-26,Regular Season,1629628,RJ Barrett,TOR,57,816,86.304,5.474,0.0,0.817,64,32,1,76,True,official_qualified_leader_row
2025-26,Regular Season,1630183,Jaden McDaniels,MIN,73,809,84.075,4.496,0.0,0.823,96,75,1,59,True,official_qualified_leader_row
2025-26,Regular Season,1629627,Zion Williamson,NOP,62,807,91.098,8.106,0.0,0.873,6,2,1,2,True,official_qualified_leader_row
2025-26,Regular Season,1628374,Lauri Markkanen,UTA,42,805,89.494,4.312,0.0,0.83,18,83,1,48,True,official_qualified_leader_row
2025-26,Regular Season,1628384,OG Anunoby,NYK,67,804,86.938,4.291,0.0,0.801,55,85,1,103,True,official_qualified_leader_row
2025-26,Regular Season,1631105,Jalen Duren,DET,70,803,85.206,5.748,0.0,0.855,81,21,1,14,True,official_qualified_leader_row
2025-26,Regular Season,202696,Nikola Vučević,BOS|CHI,64,799,81.667,4.129,0.0,0.796,111,90,1,112,True,official_qualified_leader_row
2025-26,Regular Season,201939,Stephen Curry,GSW,43,799,79.887,4.672,0.0,0.813,121,72,1,88,True,official_qualified_leader_row
2025-26,Regular Season,1629640,Keldon Johnson,SAS,82,797,89.177,4.306,0.0,0.834,23,84,1,41,True,official_qualified_leader_row
2025-26,Regular Season,1631096,Chet Holmgren,OKC,69,779,87.877,3.958,0.0,0.83,38,99,1,49,True,official_qualified_leader_row
2025-26,Regular Season,203501,Tim Hardaway Jr.,DEN,80,779,87.158,3.133,0.0,0.813,53,121,1,89,True,official_qualified_leader_row
2025-26,Regular Season,1630700,Dyson Daniels,ATL,76,777,83.935,7.0,0.0,0.816,98,6,1,80,True,official_qualified_leader_row
2025-26,Regular Season,1641710,Anthony Black,ORL,64,772,82.629,5.58,0.0,0.796,106,26,1,111,True,official_qualified_leader_row
2025-26,Regular Season,1630559,Austin Reaves,LAL,51,762,81.665,5.959,0.0,0.816,112,15,1,79,True,official_qualified_leader_row
2025-26,Regular Season,1630170,Devin Vassell,SAS,67,755,90.266,3.704,0.0,0.815,11,105,1,83,True,official_qualified_leader_row
2025-26,Regular Season,1629656,Quentin Grimes,PHI,75,755,86.258,5.761,0.0,0.807,66,20,1,93,True,official_qualified_leader_row
2025-26,Regular Season,1629614,Andrew Nembhard,IND,57,753,81.36,4.438,0.0,0.8,116,77,1,106,True,official_qualified_leader_row
2025-26,Regular Season,1626171,Bobby Portis Jr.,MIL,67,750,89.027,3.23,0.0,0.833,25,119,1,43,True,official_qualified_leader_row
2025-26,Regular Season,1642852,Derik Queen,NOP,81,748,88.484,5.197,0.0,0.852,29,43,1,15,True,official_qualified_leader_row
2025-26,Regular Season,1630245,Ayo Dosunmu,CHI|MIN,69,747,84.362,7.408,0.0,0.791,92,4,1,116,True,official_qualified_leader_row
2025-26,Regular Season,1629012,Collin Sexton,CHA|CHI,68,742,86.298,5.656,0.0,0.82,65,23,1,69,True,official_qualified_leader_row
2025-26,Regular Season,1642267,Bub Carrington,WAS,82,741,87.357,3.547,0.0,0.807,44,113,1,94,True,official_qualified_leader_row
2025-26,Regular Season,1641716,Jarace Walker,IND,76,733,88.301,4.833,0.0,0.821,33,59,1,61,True,official_qualified_leader_row
2025-26,Regular Season,203924,Jerami Grant,POR,57,730,91.607,4.696,0.0,0.824,5,69,1,58,True,official_qualified_leader_row
2025-26,Regular Season,202691,Klay Thompson,DAL,69,728,,,,,,,,,False,official_endpoint_withholds_unqualified_player
2025-26,Regular Season,1631108,Max Christie,DAL,77,725,90.417,4.034,0.0,0.803,10,96,1,99,True,official_qualified_leader_row
2025-26,Regular Season,1628991,Jaren Jackson Jr.,MEM|UTA,48,719,87.84,5.054,0.0,0.838,40,51,1,36,True,official_qualified_leader_row
2025-26,Regular Season,1630581,Josh Giddey,CHI,54,717,82.376,6.028,0.0,0.816,108,13,1,77,True,official_qualified_leader_row
2025-26,Regular Season,201950,Jrue Holiday,POR,53,709,83.086,4.339,0.0,0.815,104,82,1,85,True,official_qualified_leader_row
2025-26,Regular Season,1629130,Duncan Robinson,DET,77,698,85.45,3.289,0.0,0.794,77,116,1,114,True,official_qualified_leader_row
2025-26,Regular Season,1642377,Jaylen Wells,MEM,69,698,84.065,3.604,0.0,0.798,97,108,1,108,True,official_qualified_leader_row
2025-26,Regular Season,203954,Joel Embiid,PHI,38,697,85.321,3.266,0.0,0.85,79,118,1,20,True,official_qualified_leader_row
2025-26,Regular Season,1630577,Julian Champagnie,SAS,82,689,87.335,3.445,0.0,0.794,45,114,1,115,True,official_qualified_leader_row
2025-26,Regular Season,1628398,Kyle Kuzma,MIL,69,689,86.628,6.004,0.0,0.819,60,14,1,70,True,official_qualified_leader_row
2025-26,Regular Season,1642270,Donovan Clingan,POR,77,684,84.573,2.933,0.0,0.813,89,125,1,87,True,official_qualified_leader_row
2025-26,Regular Season,1631097,Bennedict Mathurin,IND|LAC,54,677,,,,,,,,,False,official_endpoint_withholds_unqualified_player
2025-26,Regular Season,1629636,Darius Garland,CLE|LAC,45,672,80.313,5.618,0.0,0.796,120,24,1,113,True,official_qualified_leader_row
2025-26,Regular Season,1642875,Maxime Raynaud,SAC,74,671,84.868,4.436,0.0,0.824,85,78,1,56,True,official_qualified_leader_row
2025-26,Regular Season,1642281,Jaylon Tyson,CLE,66,670,82.359,4.882,0.0,0.801,109,58,1,101,True,official_qualified_leader_row
2025-26,Regular Season,1628960,Grayson Allen,PHX,51,667,,,,,,,,,False,official_endpoint_withholds_unqualified_player
2025-26,Regular Season,1628381,John Collins,LAC,69,659,87.248,4.149,0.0,0.82,50,88,1,67,True,official_qualified_leader_row
2025-26,Regular Season,202699,Tobias Harris,DET,63,659,86.383,4.68,0.0,0.816,63,71,1,81,True,official_qualified_leader_row
2025-26,Regular Season,1629023,P.J. Washington,DAL,56,658,,,,,,,,,False,official_endpoint_withholds_unqualified_player
2025-26,Regular Season,1642271,Kyle Filipowski,UTA,77,657,86.8,4.722,0.0,0.815,58,67,1,84,True,official_qualified_leader_row
2025-26,Regular Season,1642259,Alex Sarr,WAS,48,656,92.788,3.892,0.0,0.855,3,100,1,13,True,official_qualified_leader_row
2025-26,Regular Season,1642844,Dylan Harper,SAS,69,656,85.116,6.03,0.0,0.817,83,12,1,73,True,official_qualified_leader_row
2025-26,Regular Season,1630591,Jalen Suggs,ORL,57,649,,,,,,,,,False,official_endpoint_withholds_unqualified_player
2025-26,Regular Season,1642276,Kel'el Ware,MIA,77,649,87.909,2.947,0.0,0.834,37,124,1,42,True,official_qualified_leader_row
2025-26,Regular Season,1629014,Anfernee Simons,BOS|CHI,55,648,,,,,,,,,False,official_endpoint_withholds_unqualified_player
2025-26,Regular Season,1642907,Cedric Coward,MEM,62,648,87.615,4.544,0.0,0.821,42,74,1,63,True,official_qualified_leader_row
2025-26,Regular Season,1642848,Tre Johnson,WAS,60,647,,,,,,,,,False,official_endpoint_withholds_unqualified_player
2025-26,Regular Season,1626167,Myles Turner,MIL,71,646,,,,,,,,,False,official_endpoint_withholds_unqualified_player
2025-26,Regular Season,1628976,Wendell Carter Jr.,ORL,78,637,84.107,3.166,0.0,0.8,95,120,1,104,True,official_qualified_leader_row
2025-26,Regular Season,1628370,Malik Monk,SAC,62,632,,,,,,,,,False,official_endpoint_withholds_unqualified_player
2025-26,Regular Season,1641730,Noah Clowney,BKN,66,631,,,,,,,,,False,official_endpoint_withholds_unqualified_player
2025-26,Regular Season,1630572,Sandro Mamukelashvili,TOR,80,631,84.153,4.782,0.0,0.772,94,63,1,123,True,official_qualified_leader_row
2025-26,Regular Season,203471,Dennis Schröder,CLE|SAC,70,629,,,,,,,,,False,official_endpoint_withholds_unqualified_player
2025-26,Regular Season,1626220,Royce O'Neale,PHX,78,625,,,,,,,,,False,official_endpoint_withholds_unqualified_player
2025-26,Regular Season,1629632,Coby White,CHA|CHI,50,623,,,,,,,,,False,official_endpoint_withholds_unqualified_player
2025-26,Regular Season,1641783,Tristan da Silva,ORL,77,620,,,,,,,,,False,official_endpoint_withholds_unqualified_player
2025-26,Regular Season,1631260,AJ Green,MIL,78,618,,,,,,,,,False,official_endpoint_withholds_unqualified_player
2025-26,Regular Season,1642860,Will Riley,WAS,74,618,,,,,,,,,False,official_endpoint_withholds_unqualified_player
2025-26,Regular Season,1630314,Brandon Williams,DAL,66,617,,,,,,,,,False,official_endpoint_withholds_unqualified_player
2025-26,Regular Season,1630200,Tre Jones,CHI,65,617,86.502,9.037,0.0,0.821,62,1,1,62,True,official_qualified_leader_row
2025-26,Regular Season,1630643,Jay Huff,IND,82,611,,,,,,,,,False,official_endpoint_withholds_unqualified_player
2025-26,Regular Season,1629028,Deandre Ayton,LAL,72,601,85.892,3.555,0.0,0.85,72,111,1,21,True,official_qualified_leader_row
2025-26,Regular Season,1630573,Sam Hauser,BOS,78,601,,,,,,,,,False,official_endpoint_withholds_unqualified_player
2025-26,Regular Season,203507,Giannis Antetokounmpo,MIL,36,598,87.171,6.376,0.0,0.848,52,9,1,23,True,official_qualified_leader_row
2025-26,Regular Season,1630173,Precious Achiuwa,SAC,73,598,88.392,4.769,0.0,0.843,30,65,1,30,True,official_qualified_leader_row
2025-26,Regular Season,1629060,Rui Hachimura,LAL,68,597,88.556,3.038,0.0,0.788,28,123,1,118,True,official_qualified_leader_row
2025-26,Regular Season,1628989,Kevin Huerter,CHI|DET,69,596,,,,,,,,,False,official_endpoint_withholds_unqualified_player
2025-26,Regular Season,1642363,Nique Clifford,SAC,75,596,,,,,,,,,False,official_endpoint_withholds_unqualified_player
2025-26,Regular Season,1628404,Josh Hart,NYK,66,592,86.636,5.328,0.0,0.808,59,37,1,91,True,official_qualified_leader_row
2025-26,Regular Season,1642349,Ajay Mitchell,OKC,57,590,,,,,,,,,False,official_endpoint_withholds_unqualified_player
2025-26,Regular Season,1641717,Cason Wallace,OKC,77,584,,,,,,,,,False,official_endpoint_withholds_unqualified_player
2025-26,Regular Season,1629651,Nic Claxton,BKN,69,583,87.081,5.077,0.0,0.859,54,49,1,9,True,official_qualified_leader_row
2025-26,Regular Season,1631212,Peyton Watson,DEN,54,581,,,,,,,,,False,official_endpoint_withholds_unqualified_player
2025-26,Regular Season,1631106,Tari Eason,HOU,60,580,,,,,,,,,False,official_endpoint_withholds_unqualified_player
2025-26,Regular Season,1641709,Ausar Thompson,DET,73,577,86.077,6.242,0.0,0.829,69,10,1,52,True,official_qualified_leader_row
2025-26,Regular Season,1642273,Kyshawn George,WAS,48,577,,,,,,,,,False,official_endpoint_withholds_unqualified_player
2025-26,Regular Season,203084,Harrison Barnes,SAS,77,575,,,,,,,,,False,official_endpoint_withholds_unqualified_player
2025-26,Regular Season,1642450,Daniss Jenkins,DET,72,568,,,,,,,,,False,official_endpoint_withholds_unqualified_player
2025-26,Regular Season,1641796,Pelle Larsson,MIA,70,559,,,,,,,,,False,official_endpoint_withholds_unqualified_player
2025-26,Regular Season,1630541,Moses Moody,GSW,60,557,,,,,,,,,False,official_endpoint_withholds_unqualified_player
2025-26,Regular Season,1642285,Cam Spencer,MEM,72,556,,,,,,,,,False,official_endpoint_withholds_unqualified_player
2025-26,Regular Season,1630692,Jordan Goodwin,PHX,70,555,,,,,,,,,False,official_endpoint_withholds_unqualified_player
2025-26,Regular Season,1629111,Jock Landale,ATL|MEM,68,548,,,,,,,,,False,official_endpoint_withholds_unqualified_player
2025-26,Regular Season,203897,Zach LaVine,SAC,39,547,,,,,,,,,False,official_endpoint_withholds_unqualified_player
2025-26,Regular Season,1626162,Kelly Oubre Jr.,PHI,50,544,,,,,,,,,False,official_endpoint_withholds_unqualified_player
2025-26,Regular Season,1641842,Ronald Holland II,DET,78,544,,,,,,,,,False,official_endpoint_withholds_unqualified_player
2025-26,Regular Season,1630198,Isaiah Joe,OKC,71,543,,,,,,,,,False,official_endpoint_withholds_unqualified_player
2025-26,Regular Season,201572,Brook Lopez,LAC,75,542,,,,,,,,,False,official_endpoint_withholds_unqualified_player
2025-26,Regular Season,1641731,Bilal Coulibaly,WAS,56,541,,,,,,,,,False,official_endpoint_withholds_unqualified_player
2025-26,Regular Season,203114,Khris Middleton,DAL|WAS,63,540,,,,,,,,,False,official_endpoint_withholds_unqualified_player
2025-26,Regular Season,1630598,Aaron Wiggins,OKC,65,536,,,,,,,,,False,official_endpoint_withholds_unqualified_player
2025-26,Regular Season,1642258,Zaccharie Risacher,ATL,67,536,,,,,,,,,False,official_endpoint_withholds_unqualified_player
2025-26,Regular Season,1630558,Davion Mitchell,MIA,70,533,,,,,,,,,False,official_endpoint_withholds_unqualified_player
2025-26,Regular Season,1629001,De'Anthony Melton,GSW,49,528,,,,,,,,,False,official_endpoint_withholds_unqualified_player
2025-26,Regular Season,1628386,Jarrett Allen,CLE,56,528,84.81,5.35,0.0,0.836,88,36,1,38,True,official_qualified_leader_row
2025-26,Regular Season,203903,Jordan Clarkson,NYK,72,526,,,,,,,,,False,official_endpoint_withholds_unqualified_player
2025-26,Regular Season,1629652,Luguentz Dort,OKC,69,524,,,,,,,,,False,official_endpoint_withholds_unqualified_player
2025-26,Regular Season,1631222,Jake LaRavia,LAL,82,523,,,,,,,,,False,official_endpoint_withholds_unqualified_player
2025-26,Regular Season,1628971,Bruce Brown,DEN,82,522,,,,,,,,,False,official_endpoint_withholds_unqualified_player
2025-26,Regular Season,1642268,Isaiah Collier,UTA,59,515,,,,,,,,,False,official_endpoint_withholds_unqualified_player
2025-26,Regular Season,1629639,Tyler Herro,MIA,33,515,,,,,,,,,False,official_endpoint_withholds_unqualified_player
2025-26,Regular Season,1641713,GG Jackson,MEM,55,514,,,,,,,,,False,official_endpoint_withholds_unqualified_player
2025-26,Regular Season,1629645,Kevin Porter Jr.,MIL,38,514,,,,,,,,,False,official_endpoint_withholds_unqualified_player
2025-26,Regular Season,202331,Paul George,PHI,37,513,,,,,,,,,False,official_endpoint_withholds_unqualified_player
2025-26,Regular Season,1630174,Aaron Nesmith,IND,45,512,,,,,,,,,False,official_endpoint_withholds_unqualified_player
2025-26,Regular Season,1630224,Jalen Green,PHX,32,512,,,,,,,,,False,official_endpoint_withholds_unqualified_player
2025-26,Regular Season,1642262,Cody Williams,UTA,67,509,,,,,,,,,False,official_endpoint_withholds_unqualified_player
2025-26,Regular Season,1630532,Franz Wagner,ORL,34,507,,,,,,,,,False,official_endpoint_withholds_unqualified_player
2025-26,Regular Season,1642347,Jamal Shead,TOR,82,504,,,,,,,,,False,official_endpoint_withholds_unqualified_player
2025-26,Regular Season,1629631,De'Andre Hunter,CLE|SAC,45,501,,,,,,,,,False,official_endpoint_withholds_unqualified_player
2025-26,Regular Season,1629674,Neemias Queta,BOS,76,499,85.538,4.918,0.0,0.846,75,55,1,26,True,official_qualified_leader_row
2025-26,Regular Season,203110,Draymond Green,GSW,68,491,,,,,,,,,False,official_endpoint_withholds_unqualified_player
2025-26,Regular Season,203497,Rudy Gobert,MIN,76,491,84.823,4.172,0.0,0.842,87,87,1,34,True,official_qualified_leader_row
2025-26,Regular Season,1631126,Caleb Love,POR,49,490,,,,,,,,,False,official_endpoint_withholds_unqualified_player
2025-26,Regular Season,1630241,Sam Merrill,CLE,52,484,,,,,,,,,False,official_endpoint_withholds_unqualified_player
2025-26,Regular Season,1627826,Ivica Zubac,IND|LAC,48,482,,,,,,,,,False,official_endpoint_withholds_unqualified_player
2025-26,Regular Season,1642272,Jared McCain,OKC|PHI,67,480,,,,,,,,,False,official_endpoint_withholds_unqualified_player
2025-26,Regular Season,1642849,Nolan Traore,BKN,56,479,,,,,,,,,False,official_endpoint_withholds_unqualified_player
2025-26,Regular Season,1630529,Herbert Jones,NOP,56,478,,,,,,,,,False,official_endpoint_withholds_unqualified_player
2025-26,Regular Season,1630172,Patrick Williams,CHI,72,478,,,,,,,,,False,official_endpoint_withholds_unqualified_player
2025-26,Regular Season,1627739,Kris Dunn,LAC,82,477,,,,,,,,,False,official_endpoint_withholds_unqualified_player
2025-26,Regular Season,203935,Marcus Smart,LAL,62,476,,,,,,,,,False,official_endpoint_withholds_unqualified_player
2025-26,Regular Season,1630583,Santi Aldama,MEM,43,476,,,,,,,,,False,official_endpoint_withholds_unqualified_player
2025-26,Regular Season,1629661,Cameron Johnson,DEN,54,475,,,,,,,,,False,official_endpoint_withholds_unqualified_player
2025-26,Regular Season,1629018,Gary Trent Jr.,MIL,65,473,,,,,,,,,False,official_endpoint_withholds_unqualified_player
2025-26,Regular Season,1631323,Simone Fontecchio,MIA,70,471,,,,,,,,,False,official_endpoint_withholds_unqualified_player
2025-26,Regular Season,1630538,Bones Hyland,MIN,71,468,,,,,,,,,False,official_endpoint_withholds_unqualified_player
2025-26,Regular Season,202710,Jimmy Butler III,GSW,38,462,,,,,,,,,False,official_endpoint_withholds_unqualified_player
2025-26,Regular Season,1630551,Justin Champagnie,WAS,69,462,,,,,,,,,False,official_endpoint_withholds_unqualified_player
2025-26,Regular Season,1630560,Cam Thomas,BKN|MIL,42,461,,,,,,,,,False,official_endpoint_withholds_unqualified_player
2025-26,Regular Season,1642383,Walter Clayton Jr.,MEM|UTA,69,461,,,,,,,,,False,official_endpoint_withholds_unqualified_player
2025-26,Regular Season,1630611,Gui Santos,GSW,68,460,,,,,,,,,False,official_endpoint_withholds_unqualified_player
2025-26,Regular Season,1630171,Isaac Okoro,CHI,63,459,,,,,,,,,False,official_endpoint_withholds_unqualified_player
2025-26,Regular Season,204456,T.J. McConnell,IND,56,450,,,,,,,,,False,official_endpoint_withholds_unqualified_player
2025-26,Regular Season,1642856,Egor Dëmin,BKN,52,449,,,,,,,,,False,official_endpoint_withholds_unqualified_player
2025-26,Regular Season,1630631,Jose Alvarado,NOP|NYK,69,449,,,,,,,,,False,official_endpoint_withholds_unqualified_player
2025-26,Regular Season,1631114,Jalen Williams,OKC,33,446,,,,,,,,,False,official_endpoint_withholds_unqualified_player
2025-26,Regular Season,1629673,Jordan Poole,NOP,39,444,,,,,,,,,False,official_endpoint_withholds_unqualified_player
2025-26,Regular Season,1628379,Luke Kennard,ATL|LAL,78,443,,,,,,,,,False,official_endpoint_withholds_unqualified_player
2025-26,Regular Season,1642874,Danny Wolf,BKN,57,440,,,,,,,,,False,official_endpoint_withholds_unqualified_player
2025-26,Regular Season,1642366,Quinten Post,GSW,67,439,,,,,,,,,False,official_endpoint_withholds_unqualified_player
2025-26,Regular Season,1631109,Mark Williams,PHX,60,438,,,,,,,,,False,official_endpoint_withholds_unqualified_player
2025-26,Regular Season,1630311,Pat Spencer,GSW,66,436,,,,,,,,,False,official_endpoint_withholds_unqualified_player
2025-26,Regular Season,1630533,Ziaire Williams,BKN,56,433,,,,,,,,,False,official_endpoint_withholds_unqualified_player
2025-26,Regular Season,1630702,Jaden Hardy,DAL|WAS,57,429,,,,,,,,,False,official_endpoint_withholds_unqualified_player
2025-26,Regular Season,1630249,Vít Krejčí,ATL|POR,65,429,,,,,,,,,False,official_endpoint_withholds_unqualified_player
2025-26,Regular Season,1627780,Gary Payton II,GSW,73,415,,,,,,,,,False,official_endpoint_withholds_unqualified_player
2025-26,Regular Season,1629750,Javonte Green,DET,82,414,,,,,,,,,False,official_endpoint_withholds_unqualified_player
2025-26,Regular Season,1642265,Rob Dillingham,CHI|MIN,65,412,,,,,,,,,False,official_endpoint_withholds_unqualified_player
2025-26,Regular Season,1628963,Marvin Bagley III,DAL|WAS,60,411,,,,,,,,,False,official_endpoint_withholds_unqualified_player
2025-26,Regular Season,1642266,Ja'Kobe Walter,TOR,72,404,,,,,,,,,False,official_endpoint_withholds_unqualified_player
2025-26,Regular Season,1630188,Jalen Smith,CHI,53,404,,,,,,,,,False,official_endpoint_withholds_unqualified_player
2025-26,Regular Season,1630540,Miles McBride,NYK,41,404,,,,,,,,,False,official_endpoint_withholds_unqualified_player
2025-26,Regular Season,1630191,Isaiah Stewart,DET,58,402,,,,,,,,,False,official_endpoint_withholds_unqualified_player
2025-26,Regular Season,1631230,Dominick Barlow,PHI,71,399,,,,,,,,,False,official_endpoint_withholds_unqualified_player
2025-26,Regular Season,1641757,Jordan Miller,LAC,60,399,,,,,,,,,False,official_endpoint_withholds_unqualified_player
2025-26,Regular Season,203932,Aaron Gordon,DEN,36,398,,,,,,,,,False,official_endpoint_withholds_unqualified_player
2025-26,Regular Season,1631172,Ousmane Dieng,MIL|OKC,57,398,,,,,,,,,False,official_endpoint_withholds_unqualified_player
2025-26,Regular Season,1630557,Corey Kispert,ATL|WAS,58,394,,,,,,,,,False,official_endpoint_withholds_unqualified_player
2025-26,Regular Season,1627747,Caris LeVert,DET,60,391,,,,,,,,,False,official_endpoint_withholds_unqualified_player
2025-26,Regular Season,202685,Jonas Valanciunas,DEN,65,390,,,,,,,,,False,official_endpoint_withholds_unqualified_player
2025-26,Regular Season,1642948,Ryan Nembhard,DAL,60,390,,,,,,,,,False,official_endpoint_withholds_unqualified_player
2025-26,Regular Season,1631128,Christian Braun,DEN,44,389,,,,,,,,,False,official_endpoint_withholds_unqualified_player
2025-26,Regular Season,204001,Kristaps Porziņģis,ATL|GSW,32,388,,,,,,,,,False,official_endpoint_withholds_unqualified_player
2025-26,Regular Season,1641767,Ben Sheppard,IND,65,387,,,,,,,,,False,official_endpoint_withholds_unqualified_player
2025-26,Regular Season,1641711,Gradey Dick,TOR,76,384,,,,,,,,,False,official_endpoint_withholds_unqualified_player
2025-26,Regular Season,1631165,Keon Ellis,CLE|SAC,72,384,,,,,,,,,False,official_endpoint_withholds_unqualified_player
2025-26,Regular Season,1642920,Kobe Sanders,LAC,68,384,,,,,,,,,False,official_endpoint_withholds_unqualified_player
2025-26,Regular Season,1627884,Derrick Jones Jr.,LAC,50,379,,,,,,,,,False,official_endpoint_withholds_unqualified_player
2025-26,Regular Season,1642883,Sion James,CHA,82,372,,,,,,,,,False,official_endpoint_withholds_unqualified_player
2025-26,Regular Season,1629611,Terance Mann,BKN,63,368,,,,,,,,,False,official_endpoint_withholds_unqualified_player
2025-26,Regular Season,203484,Kentavious Caldwell-Pope,MEM,51,366,,,,,,,,,False,official_endpoint_withholds_unqualified_player
2025-26,Regular Season,1642345,Oso Ighodaro,PHX,82,366,,,,,,,,,False,official_endpoint_withholds_unqualified_player
2025-26,Regular Season,1629013,Landry Shamet,NYK,51,364,,,,,,,,,False,official_endpoint_withholds_unqualified_player
2025-26,Regular Season,1631217,Moussa Diabaté,CHA,73,363,,,,,,,,,False,official_endpoint_withholds_unqualified_player
2025-26,Regular Season,1642346,Ryan Dunn,PHX,70,362,,,,,,,,,False,official_endpoint_withholds_unqualified_player
2025-26,Regular Season,1629004,Svi Mykhailiuk,UTA,50,362,,,,,,,,,False,official_endpoint_withholds_unqualified_player
2025-26,Regular Season,1642962,Drake Powell,BKN,63,358,,,,,,,,,False,official_endpoint_withholds_unqualified_player
2025-26,Regular Season,203994,Jusuf Nurkić,UTA,41,358,,,,,,,,,False,official_endpoint_withholds_unqualified_player
2025-26,Regular Season,1630568,Luka Garza,BOS,69,357,,,,,,,,,False,official_endpoint_withholds_unqualified_player
2025-26,Regular Season,1630549,Day'Ron Sharpe,BKN,62,356,,,,,,,,,False,official_endpoint_withholds_unqualified_player
2025-26,Regular Season,1641707,Taylor Hendricks,MEM|UTA,59,355,,,,,,,,,False,official_endpoint_withholds_unqualified_player
2025-26,Regular Season,1631119,Jaylin Williams,OKC,65,352,,,,,,,,,False,official_endpoint_withholds_unqualified_player
2025-26,Regular Season,1641765,Olivier-Maxence Prosper,MEM,53,350,,,,,,,,,False,official_endpoint_withholds_unqualified_player
2025-26,Regular Season,1642954,Will Richard,GSW,69,346,,,,,,,,,False,official_endpoint_withholds_unqualified_player
2025-26,Regular Season,1642867,Collin Murray-Boyles,TOR,57,342,,,,,,,,,False,official_endpoint_withholds_unqualified_player
2025-26,Regular Season,1630703,Scoot Henderson,POR,30,342,,,,,,,,,False,official_endpoint_withholds_unqualified_player
2025-26,Regular Season,1630228,Jonathan Kuminga,ATL|GSW,36,339,,,,,,,,,False,official_endpoint_withholds_unqualified_player
2025-26,Regular Season,1630194,Paul Reed,DET,65,339,,,,,,,,,False,official_endpoint_withholds_unqualified_player
2025-26,Regular Season,203083,Andre Drummond,PHI,63,337,,,,,,,,,False,official_endpoint_withholds_unqualified_player
2025-26,Regular Season,203076,Anthony Davis,DAL,20,334,,,,,,,,,False,official_endpoint_withholds_unqualified_player
2025-26,Regular Season,1631321,Sidy Cissoko,POR,75,334,,,,,,,,,False,official_endpoint_withholds_unqualified_player
2025-26,Regular Season,1631248,Baylor Scheierman,BOS,77,333,,,,,,,,,False,official_endpoint_withholds_unqualified_player
2025-26,Regular Season,1631245,Quenton Jackson,IND,49,328,,,,,,,,,False,official_endpoint_withholds_unqualified_player
2025-26,Regular Season,1627741,Buddy Hield,ATL|GSW,51,327,,,,,,,,,False,official_endpoint_withholds_unqualified_player
2025-26,Regular Season,1630696,Dru Smith,MIA,70,325,,,,,,,,,False,official_endpoint_withholds_unqualified_player
2025-26,Regular Season,201143,Al Horford,GSW,45,324,,,,,,,,,False,official_endpoint_withholds_unqualified_player
2025-26,Regular Season,1629630,Ja Morant,MEM,20,322,,,,,,,,,False,official_endpoint_withholds_unqualified_player
2025-26,Regular Season,1642348,Justin Edwards,PHI,64,320,,,,,,,,,False,official_endpoint_withholds_unqualified_player
2025-26,Regular Season,1631124,Julian Strawther,DEN,57,319,,,,,,,,,False,official_endpoint_withholds_unqualified_player
2025-26,Regular Season,1641774,Tristan Vukcevic,WAS,49,317,,,,,,,,,False,official_endpoint_withholds_unqualified_player
2025-26,Regular Season,1629655,Daniel Gafford,DAL,55,316,,,,,,,,,False,official_endpoint_withholds_unqualified_player
2025-26,Regular Season,1641772,Nae'Qwan Tomlin,CLE,64,314,,,,,,,,,False,official_endpoint_withholds_unqualified_player
2025-26,Regular Season,1631107,Nikola Jović,MIA,47,314,,,,,,,,,False,official_endpoint_withholds_unqualified_player
2025-26,Regular Season,1641712,Rayan Rupert,MEM|POR,64,313,,,,,,,,,False,official_endpoint_withholds_unqualified_player
2025-26,Regular Season,1627824,Guerschon Yabusele,CHI|NYK,67,312,,,,,,,,,False,official_endpoint_withholds_unqualified_player
2025-26,Regular Season,1627751,Jakob Poeltl,TOR,46,310,,,,,,,,,False,official_endpoint_withholds_unqualified_player
2025-26,Regular Season,1628975,Jevon Carter,CHI|ORL,53,307,,,,,,,,,False,official_endpoint_withholds_unqualified_player
2025-26,Regular Season,1642879,Ben Saraf,BKN,44,303,,,,,,,,,False,official_endpoint_withholds_unqualified_player
2025-26,Regular Season,1630544,Tre Mann,CHA,53,303,,,,,,,,,False,official_endpoint_withholds_unqualified_player
2025-26,Regular Season,1627936,Alex Caruso,OKC,56,300,,,,,,,,,False,official_endpoint_withholds_unqualified_player
2025-26,Regular Season,1631099,Keegan Murray,SAC,23,300,,,,,,,,,False,official_endpoint_withholds_unqualified_player
2025-26,Regular Season,1628392,Isaiah Hartenstein,OKC,47,296,,,,,,,,,False,official_endpoint_withholds_unqualified_player
2025-26,Regular Season,1642364,Jamir Watkins,WAS,50,296,,,,,,,,,False,official_endpoint_withholds_unqualified_player
2025-26,Regular Season,1629026,Kenrich Williams,OKC,56,296,,,,,,,,,False,official_endpoint_withholds_unqualified_player
2025-26,Regular Season,1629006,Josh Okogie,HOU,78,294,,,,,,,,,False,official_endpoint_withholds_unqualified_player
2025-26,Regular Season,1642274,Yves Missi,NOP,66,294,,,,,,,,,False,official_endpoint_withholds_unqualified_player
2025-26,Regular Season,1630695,Micah Potter,IND,47,293,,,,,,,,,False,official_endpoint_withholds_unqualified_player
2025-26,Regular Season,1642269,Devin Carter,SAC,38,292,,,,,,,,,False,official_endpoint_withholds_unqualified_player
2025-26,Regular Season,1631246,Vince Williams Jr.,MEM|UTA,40,292,,,,,,,,,False,official_endpoint_withholds_unqualified_player
2025-26,Regular Season,1641750,Ryan Kalkbrenner,CHA,69,291,,,,,,,,,False,official_endpoint_withholds_unqualified_player
2025-26,Regular Season,1631243,Mouhamed Gueye,ATL,77,290,,,,,,,,,False,official_endpoint_withholds_unqualified_player
2025-26,Regular Season,1642914,Javon Small,MEM,41,288,,,,,,,,,False,official_endpoint_withholds_unqualified_player
2025-26,Regular Season,1628369,Jayson Tatum,BOS,16,287,,,,,,,,,False,official_endpoint_withholds_unqualified_player
2025-26,Regular Season,1630534,Ochai Agbaji,BKN|TOR,62,280,,,,,,,,,False,official_endpoint_withholds_unqualified_player
2025-26,Regular Season,1631342,Daeqwon Plowden,SAC,32,279,,,,,,,,,False,official_endpoint_withholds_unqualified_player
2025-26,Regular Season,1629731,Dean Wade,CLE,59,278,,,,,,,,,False,official_endpoint_withholds_unqualified_player
2025-26,Regular Season,1630592,Jalen Wilson,BKN,54,278,,,,,,,,,False,official_endpoint_withholds_unqualified_player
2025-26,Regular Season,1631213,Tyrese Martin,BKN|PHI,46,277,,,,,,,,,False,official_endpoint_withholds_unqualified_player
2025-26,Regular Season,1631200,Kris Murray,POR,57,276,,,,,,,,,False,official_endpoint_withholds_unqualified_player
2025-26,Regular Season,1642877,Micah Peavy,NOP,61,275,,,,,,,,,False,official_endpoint_withholds_unqualified_player
2025-26,Regular Season,1628436,Luke Kornet,SAS,68,272,,,,,,,,,False,official_endpoint_withholds_unqualified_player
2025-26,Regular Season,1641738,Kobe Brown,IND|LAC,61,271,,,,,,,,,False,official_endpoint_withholds_unqualified_player
2025-26,Regular Season,1630570,Trendon Watford,PHI,53,268,,,,,,,,,False,official_endpoint_withholds_unqualified_player
2025-26,Regular Season,1641775,Jordan Walsh,BOS,68,267,,,,,,,,,False,official_endpoint_withholds_unqualified_player
2025-26,Regular Season,1628418,Thomas Bryant,CLE,60,267,,,,,,,,,False,official_endpoint_withholds_unqualified_player
2025-26,Regular Season,1642868,Carter Bryant,SAS,71,265,,,,,,,,,False,official_endpoint_withholds_unqualified_player
2025-26,Regular Season,1629637,Jaxson Hayes,LAL,66,262,,,,,,,,,False,official_endpoint_withholds_unqualified_player
2025-26,Regular Season,1631159,Leonard Miller,CHI|MIN,46,262,,,,,,,,,False,official_endpoint_withholds_unqualified_player
2025-26,Regular Season,1642461,Spencer Jones,DEN,64,262,,,,,,,,,False,official_endpoint_withholds_unqualified_player
2025-26,Regular Season,1641854,Craig Porter Jr.,CLE,64,258,,,,,,,,,False,official_endpoint_withholds_unqualified_player
2025-26,Regular Season,1641722,Jordan Hawkins,NOP,51,257,,,,,,,,,False,official_endpoint_withholds_unqualified_player
2025-26,Regular Season,1631093,Jaden Ivey,CHI|DET,37,256,,,,,,,,,False,official_endpoint_withholds_unqualified_player
2025-26,Regular Season,1628988,Aaron Holiday,HOU,57,252,,,,,,,,,False,official_endpoint_withholds_unqualified_player
2025-26,Regular Season,1631169,Josh Minott,BKN|BOS,49,252,,,,,,,,,False,official_endpoint_withholds_unqualified_player
2025-26,Regular Season,1641724,Jett Howard,ORL,55,251,,,,,,,,,False,official_endpoint_withholds_unqualified_player
2025-26,Regular Season,1629057,Robert Williams III,POR,59,250,,,,,,,,,False,official_endpoint_withholds_unqualified_player
2025-26,Regular Season,1642278,Tyler Kolek,NYK,62,248,,,,,,,,,False,official_endpoint_withholds_unqualified_player
2025-26,Regular Season,1630536,Sharife Cooper,WAS,41,247,,,,,,,,,False,official_endpoint_withholds_unqualified_player
2025-26,Regular Season,1642864,Hugo González,BOS,74,246,,,,,,,,,False,official_endpoint_withholds_unqualified_player
2025-26,Regular Season,1629020,Jarred Vanderbilt,LAL,65,240,,,,,,,,,False,official_endpoint_withholds_unqualified_player
2025-26,Regular Season,1642857,Kasparas Jakučionis,MIA,53,238,,,,,,,,,False,official_endpoint_withholds_unqualified_player
2025-26,Regular Season,201587,Nicolas Batum,LAC,74,238,,,,,,,,,False,official_endpoint_withholds_unqualified_player
2025-26,Regular Season,1631121,Bryce McGowens,NOP,42,237,,,,,,,,,False,official_endpoint_withholds_unqualified_player
2025-26,Regular Season,1630543,Isaiah Jackson,IND|LAC,55,237,,,,,,,,,False,official_endpoint_withholds_unqualified_player
2025-26,Regular Season,1631123,Jamaree Bouyea,PHX,46,236,,,,,,,,,False,official_endpoint_withholds_unqualified_player
2025-26,Regular Season,1631255,Karlo Matković,NOP,62,235,,,,,,,,,False,official_endpoint_withholds_unqualified_player
2025-26,Regular Season,1626156,D'Angelo Russell,DAL,26,232,,,,,,,,,False,official_endpoint_withholds_unqualified_player
2025-26,Regular Season,1629618,Jalen Pickett,DEN,50,232,,,,,,,,,False,official_endpoint_withholds_unqualified_player
2025-26,Regular Season,1630175,Cole Anthony,MIL,35,231,,,,,,,,,False,official_endpoint_withholds_unqualified_player
2025-26,Regular Season,1641740,Jaylen Clark,MIN,68,228,,,,,,,,,False,official_endpoint_withholds_unqualified_player
2025-26,Regular Season,203991,Clint Capela,HOU,75,227,,,,,,,,,False,official_endpoint_withholds_unqualified_player
2025-26,Regular Season,1629048,Goga Bitadze,ORL,64,225,,,,,,,,,False,official_endpoint_withholds_unqualified_player
2025-26,Regular Season,1642878,Tyrese Proctor,CLE,50,225,,,,,,,,,False,official_endpoint_withholds_unqualified_player
2025-26,Regular Season,1627734,Domantas Sabonis,SAC,19,221,,,,,,,,,False,official_endpoint_withholds_unqualified_player
2025-26,Regular Season,1641737,Adem Bona,PHI,71,220,,,,,,,,,False,official_endpoint_withholds_unqualified_player
2025-26,Regular Season,1626145,Tyus Jones,DAL|DEN|ORL,67,218,,,,,,,,,False,official_endpoint_withholds_unqualified_player
2025-26,Regular Season,1629216,Gabe Vincent,ATL|LAL,53,216,,,,,,,,,False,official_endpoint_withholds_unqualified_player
2025-26,Regular Season,1630264,Anthony Gill,WAS,55,215,,,,,,,,,False,official_endpoint_withholds_unqualified_player
2025-26,Regular Season,201144,Mike Conley,MIN,54,215,,,,,,,,,False,official_endpoint_withholds_unqualified_player
2025-26,Regular Season,1642853,Rasheer Fleming,PHX,55,215,,,,,,,,,False,official_endpoint_withholds_unqualified_player
2025-26,Regular Season,1629660,Ty Jerome,MEM,15,215,,,,,,,,,False,official_endpoint_withholds_unqualified_player
2025-26,Regular Season,1631133,Jabari Walker,PHI,64,213,,,,,,,,,False,official_endpoint_withholds_unqualified_player
2025-26,Regular Season,1642885,Mohamed Diawara,NYK,69,213,,,,,,,,,False,official_endpoint_withholds_unqualified_player
2025-26,Regular Season,1629011,Mitchell Robinson,NYK,60,206,,,,,,,,,False,official_endpoint_withholds_unqualified_player
2025-26,Regular Season,1642869,Noah Penda,ORL,59,203,,,,,,,,,False,official_endpoint_withholds_unqualified_player
2025-26,Regular Season,203937,Kyle Anderson,MEM|MIN|UTA,43,202,,,,,,,,,False,official_endpoint_withholds_unqualified_player
2025-26,Regular Season,1630208,Nick Richards,CHI|PHX,48,201,,,,,,,,,False,official_endpoint_withholds_unqualified_player
2025-26,Regular Season,1629723,John Konchar,MEM|UTA,56,199,,,,,,,,,False,official_endpoint_withholds_unqualified_player
2025-26,Regular Season,201567,Kevin Love,UTA,37,199,,,,,,,,,False,official_endpoint_withholds_unqualified_player
2025-26,Regular Season,1630167,Obi Toppin,IND,24,199,,,,,,,,,False,official_endpoint_withholds_unqualified_player
2025-26,Regular Season,1630679,Ethan Thompson,IND,32,196,,,,,,,,,False,official_endpoint_withholds_unqualified_player
2025-26,Regular Season,1642942,Jahmai Mashack,MEM,31,195,,,,,,,,,False,official_endpoint_withholds_unqualified_player
2025-26,Regular Season,1629021,Moritz Wagner,ORL,36,195,,,,,,,,,False,official_endpoint_withholds_unqualified_player
2025-26,Regular Season,1631250,Pete Nance,MIL,47,194,,,,,,,,,False,official_endpoint_withholds_unqualified_player
2025-26,Regular Season,1642261,Dalton Knecht,LAL,54,191,,,,,,,,,False,official_endpoint_withholds_unqualified_player
2025-26,Regular Season,1627752,Taurean Prince,MIL,26,191,,,,,,,,,False,official_endpoint_withholds_unqualified_player
2025-26,Regular Season,1628997,Caleb Martin,DAL,58,189,,,,,,,,,False,official_endpoint_withholds_unqualified_player
2025-26,Regular Season,1642859,Jase Richardson,ORL,54,188,,,,,,,,,False,official_endpoint_withholds_unqualified_player
2025-26,Regular Season,1642382,Branden Carlson,OKC,42,186,,,,,,,,,False,official_endpoint_withholds_unqualified_player
2025-26,Regular Season,1630579,Jericho Sims,MIL,67,185,,,,,,,,,False,official_endpoint_withholds_unqualified_player
2025-26,Regular Season,1629684,Grant Williams,CHA,36,183,,,,,,,,,False,official_endpoint_withholds_unqualified_player
2025-26,Regular Season,1627749,Dejounte Murray,NOP,14,182,,,,,,,,,False,official_endpoint_withholds_unqualified_player
2025-26,Regular Season,1630182,Josh Green,CHA,58,181,,,,,,,,,False,official_endpoint_withholds_unqualified_player
2025-26,Regular Season,1642928,Dylan Cardwell,SAC,44,179,,,,,,,,,False,official_endpoint_withholds_unqualified_player
2025-26,Regular Season,1631204,Marcus Sasser,DET,38,177,,,,,,,,,False,official_endpoint_withholds_unqualified_player
2025-26,Regular Season,1629027,Trae Young,ATL|WAS,15,177,,,,,,,,,False,official_endpoint_withholds_unqualified_player
2025-26,Regular Season,1642358,AJ Johnson,DAL|WAS,48,176,,,,,,,,,False,official_endpoint_withholds_unqualified_player
2025-26,Regular Season,1628366,Lonzo Ball,CLE,35,176,,,,,,,,,False,official_endpoint_withholds_unqualified_player
2025-26,Regular Season,1630811,Keaton Wallace,ATL,53,171,,,,,,,,,False,official_endpoint_withholds_unqualified_player
2025-26,Regular Season,1630545,Terrence Shannon Jr,MIN,43,171,,,,,,,,,False,official_endpoint_withholds_unqualified_player
2025-26,Regular Season,1642854,Asa Newell,ATL,44,169,,,,,,,,,False,official_endpoint_withholds_unqualified_player
2025-26,Regular Season,1641715,Cam Whitmore,WAS,21,169,,,,,,,,,False,official_endpoint_withholds_unqualified_player
2025-26,Regular Season,1642880,Kam Jones,IND,37,169,,,,,,,,,False,official_endpoint_withholds_unqualified_player
2025-26,Regular Season,1641989,Elijah Harkless,UTA,26,161,,,,,,,,,False,official_endpoint_withholds_unqualified_player
2025-26,Regular Season,1641733,Nick Smith Jr.,LAL,30,161,,,,,,,,,False,official_endpoint_withholds_unqualified_player
2025-26,Regular Season,1642275,Tidjane Salaün,CHA,37,159,,,,,,,,,False,official_endpoint_withholds_unqualified_player
2025-26,Regular Season,1643007,Taelon Peter,IND,38,158,,,,,,,,,False,official_endpoint_withholds_unqualified_player
2025-26,Regular Season,1629234,Drew Eubanks,SAC,42,156,,,,,,,,,False,official_endpoint_withholds_unqualified_player
2025-26,Regular Season,1631207,Dalen Terry,CHI|PHI,48,155,,,,,,,,,False,official_endpoint_withholds_unqualified_player
2025-26,Regular Season,203992,Bogdan Bogdanović,LAC,23,152,,,,,,,,,False,official_endpoint_withholds_unqualified_player
2025-26,Regular Season,1631288,Jamal Cain,ORL,40,152,,,,,,,,,False,official_endpoint_withholds_unqualified_player
2025-26,Regular Season,1630192,Zeke Nnaji,DEN,52,151,,,,,,,,,False,official_endpoint_withholds_unqualified_player
2025-26,Regular Season,1626166,Cameron Payne,PHI,22,149,,,,,,,,,False,official_endpoint_withholds_unqualified_player
2025-26,Regular Season,1642277,Johnny Furphy,IND,35,149,,,,,,,,,False,official_endpoint_withholds_unqualified_player
2025-26,Regular Season,1642419,Jamison Battle,TOR,61,145,,,,,,,,,False,official_endpoint_withholds_unqualified_player
2025-26,Regular Season,1631131,Oscar Tshiebwe,UTA,27,145,,,,,,,,,False,official_endpoint_withholds_unqualified_player
2025-26,Regular Season,1630623,Tyson Etienne,BKN,24,145,,,,,,,,,False,official_endpoint_withholds_unqualified_player
2025-26,Regular Season,1642353,Cam Christie,LAC,55,139,,,,,,,,,False,official_endpoint_withholds_unqualified_player
2025-26,Regular Season,203926,Doug McDermott,SAC,29,139,,,,,,,,,False,official_endpoint_withholds_unqualified_player
2025-26,Regular Season,203500,Steven Adams,HOU,32,139,,,,,,,,,False,official_endpoint_withholds_unqualified_player
2025-26,Regular Season,1630165,Killian Hayes,SAC,23,138,,,,,,,,,False,official_endpoint_withholds_unqualified_player
2025-26,Regular Season,1631113,Kennedy Chandler,UTA,11,137,,,,,,,,,False,official_endpoint_withholds_unqualified_player
2025-26,Regular Season,1629680,Matisse Thybulle,POR,30,134,,,,,,,,,False,official_endpoint_withholds_unqualified_player
2025-26,Regular Season,1627827,Dorian Finney-Smith,HOU,37,132,,,,,,,,,False,official_endpoint_withholds_unqualified_player
2025-26,Regular Season,1631110,Jeremy Sochan,NYK|SAS,44,129,,,,,,,,,False,official_endpoint_withholds_unqualified_player
2025-26,Regular Season,1631104,Blake Wesley,POR,31,124,,,,,,,,,False,official_endpoint_withholds_unqualified_player
2025-26,Regular Season,1626204,Larry Nance Jr.,CLE,35,124,,,,,,,,,False,official_endpoint_withholds_unqualified_player
2025-26,Regular Season,1631218,Trayce Jackson-Davis,GSW|TOR,53,124,,,,,,,,,False,official_endpoint_withholds_unqualified_player
2025-26,Regular Season,1642066,Myron Gardner,MIA,45,123,,,,,,,,,False,official_endpoint_withholds_unqualified_player
2025-26,Regular Season,1641763,Julian Phillips,CHI|MIN,48,121,,,,,,,,,False,official_endpoint_withholds_unqualified_player
2025-26,Regular Season,1641748,Andre Jackson Jr.,MIL,48,119,,,,,,,,,False,official_endpoint_withholds_unqualified_player
2025-26,Regular Season,1642882,Julian Reese,WAS,13,119,,,,,,,,,False,official_endpoint_withholds_unqualified_player
2025-26,Regular Season,1643018,LJ Cryer,GSW,18,117,,,,,,,,,False,official_endpoint_withholds_unqualified_player
2025-26,Regular Season,1628396,Tony Bradley,ATL|IND,41,117,,,,,,,,,False,official_endpoint_withholds_unqualified_player
2025-26,Regular Season,1642396,Blake Hinson,UTA,14,115,,,,,,,,,False,official_endpoint_withholds_unqualified_player
2025-26,Regular Season,1642355,Bronny James,LAL,42,115,,,,,,,,,False,official_endpoint_withholds_unqualified_player
2025-26,Regular Season,1630619,Moussa Cisse,DAL,38,115,,,,,,,,,False,official_endpoint_withholds_unqualified_player
2025-26,Regular Season,1629599,Amir Coffey,MIL|PHX,46,113,,,,,,,,,False,official_endpoint_withholds_unqualified_player
2025-26,Regular Season,1631174,Tyler Burton,MEM,12,112,,,,,,,,,False,official_endpoint_withholds_unqualified_player
2025-26,Regular Season,1630604,E.J. Liddell,BKN,26,111,,,,,,,,,False,official_endpoint_withholds_unqualified_player
2025-26,Regular Season,1631199,Ron Harper Jr.,BOS,29,110,,,,,,,,,False,official_endpoint_withholds_unqualified_player
2025-26,Regular Season,1630256,Jae'Sean Tate,HOU,46,109,,,,,,,,,False,official_endpoint_withholds_unqualified_player
2025-26,Regular Season,1628371,Jonathan Isaac,ORL,52,109,,,,,,,,,False,official_endpoint_withholds_unqualified_player
2025-26,Regular Season,1629622,Max Strus,CLE,12,106,,,,,,,,,False,official_endpoint_withholds_unqualified_player
2025-26,Regular Season,1642863,Khaman Maluach,PHX,46,105,,,,,,,,,False,official_endpoint_withholds_unqualified_player
2025-26,Regular Season,203914,Gary Harris,MIL,48,104,,,,,,,,,False,official_endpoint_withholds_unqualified_player
2025-26,Regular Season,1642352,Keshad Johnson,MIA,32,104,,,,,,,,,False,official_endpoint_withholds_unqualified_player
2025-26,Regular Season,1641778,Leaky Black,WAS,15,103,,,,,,,,,False,official_endpoint_withholds_unqualified_player
2025-26,Regular Season,1642504,Cormac Ryan,MIL,11,102,,,,,,,,,False,official_endpoint_withholds_unqualified_player
2025-26,Regular Season,203939,Dwight Powell,DAL,63,101,,,,,,,,,False,official_endpoint_withholds_unqualified_player
2025-26,Regular Season,1643016,Bez Mbeng,UTA,15,100,,,,,,,,,False,official_endpoint_withholds_unqualified_player
2025-26,Regular Season,1630526,Jeremiah Robinson-Earl,DAL|IND,22,100,,,,,,,,,False,official_endpoint_withholds_unqualified_player
2025-26,Regular Season,1642905,Yang Hansen,POR,43,100,,,,,,,,,False,official_endpoint_withholds_unqualified_player
2025-26,Regular Season,1642949,Yanic Konan Niederhäuser,LAC,41,100,,,,,,,,,False,official_endpoint_withholds_unqualified_player
2025-26,Regular Season,1642354,KJ Simpson,CHA|DEN,20,99,,,,,,,,,False,official_endpoint_withholds_unqualified_player
2025-26,Regular Season,1641869,Malachi Smith,BKN,15,99,,,,,,,,,False,official_endpoint_withholds_unqualified_player
2025-26,Regular Season,1642866,Joan Beringer,MIN,40,98,,,,,,,,,False,official_endpoint_withholds_unqualified_player
2025-26,Regular Season,1641744,Zach Edey,MEM,11,98,,,,,,,,,False,official_endpoint_withholds_unqualified_player
2025-26,Regular Season,203482,Kelly Olynyk,SAS,42,96,,,,,,,,,False,official_endpoint_withholds_unqualified_player
2025-26,Regular Season,1630590,Scotty Pippen Jr.,MEM,10,96,,,,,,,,,False,official_endpoint_withholds_unqualified_player
2025-26,Regular Season,1642862,Liam McNeeley,CHA,31,95,,,,,,,,,False,official_endpoint_withholds_unqualified_player
2025-26,Regular Season,1643052,Chaney Johnson,BKN,17,94,,,,,,,,,False,official_endpoint_withholds_unqualified_player
2025-26,Regular Season,1641727,Dariq Whitehead,MEM,6,93,,,,,,,,,False,official_endpoint_withholds_unqualified_player
2025-26,Regular Season,1642967,John Poulakidas,DAL,13,91,,,,,,,,,False,official_endpoint_withholds_unqualified_player
2025-26,Regular Season,1631103,Malaki Branham,WAS,28,91,,,,,,,,,False,official_endpoint_withholds_unqualified_player
2025-26,Regular Season,1642404,Chaz Lanier,DET,34,89,,,,,,,,,False,official_endpoint_withholds_unqualified_player
2025-26,Regular Season,1630322,Lindy Waters III,SAS,40,88,,,,,,,,,False,official_endpoint_withholds_unqualified_player
2025-26,Regular Season,1631466,Nate Williams,GSW,14,88,,,,,,,,,False,official_endpoint_withholds_unqualified_player
2025-26,Regular Season,1626192,Pat Connaughton,CHA,42,85,,,,,,,,,False,official_endpoint_withholds_unqualified_player
2025-26,Regular Season,1630610,DeJon Jarreau,MEM,11,83,,,,,,,,,False,official_endpoint_withholds_unqualified_player
2025-26,Regular Season,1642484,RayJ Dennis,ATL|IND|LAC,17,83,,,,,,,,,False,official_endpoint_withholds_unqualified_player
2025-26,Regular Season,1630574,Ariel Hukporti,NYK,54,80,,,,,,,,,False,official_endpoint_withholds_unqualified_player
2025-26,Regular Season,1629162,Jordan McLaughlin,SAS,44,79,,,,,,,,,False,official_endpoint_withholds_unqualified_player
2025-26,Regular Season,1630639,A.J. Lawson,TOR,24,78,,,,,,,,,False,official_endpoint_withholds_unqualified_player
2025-26,Regular Season,1641771,Jalen Slawson,IND,13,77,,,,,,,,,False,official_endpoint_withholds_unqualified_player
2025-26,Regular Season,1642950,Lachlan Olbrich,CHI,37,77,,,,,,,,,False,official_endpoint_withholds_unqualified_player
2025-26,Regular Season,1630699,MarJon Beauchamp,PHI,14,76,,,,,,,,,False,official_endpoint_withholds_unqualified_player
2025-26,Regular Season,1631351,Lucas Williamson,MEM,7,75,,,,,,,,,False,official_endpoint_withholds_unqualified_player
2025-26,Regular Season,1631132,Christian Koloko,ATL|LAL|MEM,27,74,,,,,,,,,False,official_endpoint_withholds_unqualified_player
2025-26,Regular Season,1641871,Duop Reath,POR,32,74,,,,,,,,,False,official_endpoint_withholds_unqualified_player
2025-26,Regular Season,1628467,Maxi Kleber,LAL,43,73,,,,,,,,,False,official_endpoint_withholds_unqualified_player
2025-26,Regular Season,1642502,Malevy Leons,GSW,25,72,,,,,,,,,False,official_endpoint_withholds_unqualified_player
2025-26,Regular Season,1642964,Brooks Barnhizer,OKC,40,71,,,,,,,,,False,official_endpoint_withholds_unqualified_player
2025-26,Regular Season,1643253,Toby Okani,MEM,6,70,,,,,,,,,False,official_endpoint_withholds_unqualified_player
2025-26,Regular Season,1642380,Adama Bal,MEM,8,68,,,,,,,,,False,official_endpoint_withholds_unqualified_player
2025-26,Regular Season,201145,Jeff Green,HOU,30,68,,,,,,,,,False,official_endpoint_withholds_unqualified_player
2025-26,Regular Season,1631166,Drew Timme,LAL,27,66,,,,,,,,,False,official_endpoint_withholds_unqualified_player
2025-26,Regular Season,1630587,Isaiah Livers,PHX,36,64,,,,,,,,,False,official_endpoint_withholds_unqualified_player
2025-26,Regular Season,1631120,JD Davison,HOU,28,64,,,,,,,,,False,official_endpoint_withholds_unqualified_player
2025-26,Regular Season,1628380,Zach Collins,CHI,10,64,,,,,,,,,False,official_endpoint_withholds_unqualified_player
2025-26,Regular Season,1642959,Chris Youngblood,OKC|POR,34,63,,,,,,,,,False,official_endpoint_withholds_unqualified_player
2025-26,Regular Season,1641747,DaRon Holmes II,DEN,25,61,,,,,,,,,False,official_endpoint_withholds_unqualified_player
2025-26,Regular Season,1626172,Kevon Looney,NOP,21,60,,,,,,,,,False,official_endpoint_withholds_unqualified_player
2025-26,Regular Season,1630644,Mac McClung,CHI|IND,11,59,,,,,,,,,False,official_endpoint_withholds_unqualified_player
2025-26,Regular Season,1641790,PJ Hall,CHA|MEM,19,59,,,,,,,,,False,official_endpoint_withholds_unqualified_player
2025-26,Regular Season,101108,Chris Paul,LAC,16,56,,,,,,,,,False,official_endpoint_withholds_unqualified_player
2025-26,Regular Season,1629726,Garrison Mathews,IND,15,52,,,,,,,,,False,official_endpoint_withholds_unqualified_player
2025-26,Regular Season,1641816,Hunter Tyson,DEN,21,52,,,,,,,,,False,official_endpoint_withholds_unqualified_player
2025-26,Regular Season,1642530,Yuki Kawamura,CHI,18,52,,,,,,,,,False,official_endpoint_withholds_unqualified_player
2025-26,Regular Season,1642260,Nikola Topić,OKC,10,51,,,,,,,,,False,official_endpoint_withholds_unqualified_player
2025-26,Regular Season,1642918,Alijah Martin,TOR,23,50,,,,,,,,,False,official_endpoint_withholds_unqualified_player
2025-26,Regular Season,1641723,Kobe Bufkin,LAL,16,50,,,,,,,,,False,official_endpoint_withholds_unqualified_player
2025-26,Regular Season,1630286,Trevon Scott,BKN,6,50,,,,,,,,,False,official_endpoint_withholds_unqualified_player
2025-26,Regular Season,1641890,Tyler Smith,DAL,12,50,,,,,,,,,False,official_endpoint_withholds_unqualified_player
2025-26,Regular Season,203552,Seth Curry,GSW,10,49,,,,,,,,,False,official_endpoint_withholds_unqualified_player
2025-26,Regular Season,203078,Bradley Beal,LAC,6,48,,,,,,,,,False,official_endpoint_withholds_unqualified_player
2025-26,Regular Season,1642359,Pacôme Dadiet,NYK,29,48,,,,,,,,,False,official_endpoint_withholds_unqualified_player
2025-26,Regular Season,1629646,Charles Bassey,BOS|GSW|MEM|PHI,13,47,,,,,,,,,False,official_endpoint_withholds_unqualified_player
2025-26,Regular Season,1641755,Kevin McCullar Jr.,NYK,21,47,,,,,,,,,False,official_endpoint_withholds_unqualified_player
2025-26,Regular Season,1628502,Nigel Hayes-Davis,PHX,27,46,,,,,,,,,False,official_endpoint_withholds_unqualified_player
2025-26,Regular Season,1630214,Xavier Tillman,BOS|CHA,30,46,,,,,,,,,False,official_endpoint_withholds_unqualified_player
2025-26,Regular Season,1642367,Jonathan Mogbo,TOR,40,44,,,,,,,,,False,official_endpoint_withholds_unqualified_player
2025-26,Regular Season,1642939,Miles Kelly,DAL,14,44,,,,,,,,,False,official_endpoint_withholds_unqualified_player
2025-26,Regular Season,1631451,Javonte Cooke,POR,19,41,,,,,,,,,False,official_endpoint_withholds_unqualified_player
2025-26,Regular Season,1630548,Johnny Juzang,MIN,21,38,,,,,,,,,False,official_endpoint_withholds_unqualified_player
2025-26,Regular Season,1641725,Trey Alexander,NOP,9,37,,,,,,,,,False,official_endpoint_withholds_unqualified_player
2025-26,Regular Season,1631117,Walker Kessler,UTA,5,37,,,,,,,,,False,official_endpoint_withholds_unqualified_player
2025-26,Regular Season,1642886,Koby Brea,PHX,12,36,,,,,,,,,False,official_endpoint_withholds_unqualified_player
2025-26,Regular Season,1631247,Luke Travers,CLE,12,36,,,,,,,,,False,official_endpoint_withholds_unqualified_player
2025-26,Regular Season,1642449,Tolu Smith,DET,15,36,,,,,,,,,False,official_endpoint_withholds_unqualified_player
2025-26,Regular Season,201599,DeAndre Jordan,NOP,12,32,,,,,,,,,False,official_endpoint_withholds_unqualified_player
2025-26,Regular Season,203648,Thanasis Antetokounmpo,MIL,34,32,,,,,,,,,False,official_endpoint_withholds_unqualified_player
2025-26,Regular Season,1642876,Adou Thiero,LAL,25,31,,,,,,,,,False,official_endpoint_withholds_unqualified_player
2025-26,Regular Season,1631223,David Roddy,DEN,5,30,,,,,,,,,False,official_endpoint_withholds_unqualified_player
2025-26,Regular Season,1643158,Andersson Garcia,UTA,5,29,,,,,,,,,False,official_endpoint_withholds_unqualified_player
2025-26,Regular Season,1642400,Tristan Enaruna,CLE,9,28,,,,,,,,,False,official_endpoint_withholds_unqualified_player
2025-26,Regular Season,1641752,Bobi Klintman,DET,12,27,,,,,,,,,False,official_endpoint_withholds_unqualified_player
2025-26,Regular Season,1642938,Curtis Jones,DEN,10,27,,,,,,,,,False,official_endpoint_withholds_unqualified_player
2025-26,Regular Season,204060,Joe Ingles,MIN,27,27,,,,,,,,,False,official_endpoint_withholds_unqualified_player
2025-26,Regular Season,1631116,Patrick Baldwin Jr.,LAC|PHI|SAC,9,27,,,,,,,,,False,official_endpoint_withholds_unqualified_player
2025-26,Regular Season,1631214,Alondes Williams,WAS,4,26,,,,,,,,,False,official_endpoint_withholds_unqualified_player
2025-26,Regular Season,1631216,Caleb Houstan,ATL,18,26,,,,,,,,,False,official_endpoint_withholds_unqualified_player
2025-26,Regular Season,1630209,Omer Yurtseven,GSW,9,26,,,,,,,,,False,official_endpoint_withholds_unqualified_player
2025-26,Regular Season,1642362,Payton Sandfort,OKC,4,26,,,,,,,,,False,official_endpoint_withholds_unqualified_player
2025-26,Regular Season,201959,Taj Gibson,MEM,10,26,,,,,,,,,False,official_endpoint_withholds_unqualified_player
2025-26,Regular Season,1628449,Chris Boucher,BOS,9,25,,,,,,,,,False,official_endpoint_withholds_unqualified_player
2025-26,Regular Season,1642357,David Jones Garcia,SAS,11,25,,,,,,,,,False,official_endpoint_withholds_unqualified_player
2025-26,Regular Season,1642443,Jahmir Young,MIA,14,25,,,,,,,,,False,official_endpoint_withholds_unqualified_player
2025-26,Regular Season,200768,Kyle Lowry,PHI,14,25,,,,,,,,,False,official_endpoint_withholds_unqualified_player
2025-26,Regular Season,1642384,Isaiah Crawford,HOU,14,24,,,,,,,,,False,official_endpoint_withholds_unqualified_player
2025-26,Regular Season,1641780,Johni Broome,PHI,11,24,,,,,,,,,False,official_endpoint_withholds_unqualified_player
2025-26,Regular Season,1629312,Haywood Highsmith,PHX,7,23,,,,,,,,,False,official_endpoint_withholds_unqualified_player
2025-26,Regular Season,1642434,Riley Minix,CLE|SAS,9,23,,,,,,,,,False,official_endpoint_withholds_unqualified_player
2025-26,Regular Season,201569,Eric Gordon,PHI,6,21,,,,,,,,,False,official_endpoint_withholds_unqualified_player
2025-26,Regular Season,1642873,Amari Williams,BOS,22,20,,,,,,,,,False,official_endpoint_withholds_unqualified_player
2025-26,Regular Season,1641810,Antonio Reeves,CHA,10,20,,,,,,,,,False,official_endpoint_withholds_unqualified_player
2025-26,Regular Season,1628420,Monte Morris,IND,6,20,,,,,,,,,False,official_endpoint_withholds_unqualified_player
2025-26,Regular Season,1629610,DaQuan Jeffries,SAC,3,19,,,,,,,,,False,official_endpoint_withholds_unqualified_player
2025-26,Regular Season,1631102,TyTy Washington Jr.,LAC,16,19,,,,,,,,,False,official_endpoint_withholds_unqualified_player
2025-26,Regular Season,1641726,Dereck Lively II,DAL,7,18,,,,,,,,,False,official_endpoint_withholds_unqualified_player
2025-26,Regular Season,1642490,Josh Oduro,NOP,3,17,,,,,,,,,False,official_endpoint_withholds_unqualified_player
2025-26,Regular Season,1641809,Drew Peterson,CHA,6,16,,,,,,,,,False,official_endpoint_withholds_unqualified_player
2025-26,Regular Season,1642955,Kadary Richmond,WAS,3,16,,,,,,,,,False,official_endpoint_withholds_unqualified_player
2025-26,Regular Season,202687,Bismack Biyombo,SAS,25,15,,,,,,,,,False,official_endpoint_withholds_unqualified_player
2025-26,Regular Season,202066,Garrett Temple,TOR,22,15,,,,,,,,,False,official_endpoint_withholds_unqualified_player
2025-26,Regular Season,1642951,Sean Pedulla,LAC,7,15,,,,,,,,,False,official_endpoint_withholds_unqualified_player
2025-26,Regular Season,1630621,Hunter Dickinson,NOP,5,14,,,,,,,,,False,official_endpoint_withholds_unqualified_player
2025-26,Regular Season,1642910,John Tonje,BOS,6,14,,,,,,,,,False,official_endpoint_withholds_unqualified_player
2025-26,Regular Season,203486,Mason Plumlee,CHA|SAS,20,14,,,,,,,,,False,official_endpoint_withholds_unqualified_player
2025-26,Regular Season,1641801,Emanuel Miller,CHI,5,13,,,,,,,,,False,official_endpoint_withholds_unqualified_player
2025-26,Regular Season,1641813,Mark Sears,MIL,7,13,,,,,,,,,False,official_endpoint_withholds_unqualified_player
2025-26,Regular Season,1642389,Zyon Pullin,MIN,5,13,,,,,,,,,False,official_endpoint_withholds_unqualified_player
2025-26,Regular Season,1630625,Dalano Banton,BOS|LAC,6,12,,,,,,,,,False,official_endpoint_withholds_unqualified_player
2025-26,Regular Season,1642933,Keshon Gilbert,ATL|WAS,4,12,,,,,,,,,False,official_endpoint_withholds_unqualified_player
2025-26,Regular Season,1631211,Trevor Keels,MIA,8,12,,,,,,,,,False,official_endpoint_withholds_unqualified_player
2025-26,Regular Season,1643047,CJ Huntley,PHX,4,11,,,,,,,,,False,official_endpoint_withholds_unqualified_player
2025-26,Regular Season,1628365,Markelle Fultz,TOR,5,11,,,,,,,,,False,official_endpoint_withholds_unqualified_player
2025-26,Regular Season,1628964,Mo Bamba,TOR|UTA,4,11,,,,,,,,,False,official_endpoint_withholds_unqualified_player
2025-26,Regular Season,1631338,Mouhamadou Gueye,CHI,2,11,,,,,,,,,False,official_endpoint_withholds_unqualified_player
2025-26,Regular Season,1628998,Cody Martin,IND,4,10,,,,,,,,,False,official_endpoint_withholds_unqualified_player
2025-26,Regular Season,1630164,James Wiseman,IND,4,10,,,,,,,,,False,official_endpoint_withholds_unqualified_player
2025-26,Regular Season,1643133,Lawson Lovering,MEM,2,10,,,,,,,,,False,official_endpoint_withholds_unqualified_player
2025-26,Regular Season,1641807,Norchad Omier,LAC,6,10,,,,,,,,,False,official_endpoint_withholds_unqualified_player
2025-26,Regular Season,1627746,Skal Labissiere,WAS,3,10,,,,,,,,,False,official_endpoint_withholds_unqualified_player
2025-26,Regular Season,1641998,Trey Jemison III,NYK,13,10,,,,,,,,,False,official_endpoint_withholds_unqualified_player
2025-26,Regular Season,1629634,Brandon Clarke,MEM,2,9,,,,,,,,,False,official_endpoint_withholds_unqualified_player
2025-26,Regular Season,1641794,Dillon Jones,NYK,7,9,,,,,,,,,False,official_endpoint_withholds_unqualified_player
2025-26,Regular Season,1641761,Grant Nelson,BKN,4,9,,,,,,,,,False,official_endpoint_withholds_unqualified_player
2025-26,Regular Season,1641803,Tristen Newton,HOU,1,9,,,,,,,,,False,official_endpoint_withholds_unqualified_player
2025-26,Regular Season,1630828,Alex Antetokounmpo,MIL,6,8,,,,,,,,,False,official_endpoint_withholds_unqualified_player
2025-26,Regular Season,1642402,Enrique Freeman,MIN,4,8,,,,,,,,,False,official_endpoint_withholds_unqualified_player
2025-26,Regular Season,1642917,Max Shulga,BOS,11,8,,,,,,,,,False,official_endpoint_withholds_unqualified_player
2025-26,Regular Season,1642911,Rocco Zikarsky,MIN,5,8,,,,,,,,,False,official_endpoint_withholds_unqualified_player
2025-26,Regular Season,1631457,Alex Morales,ORL,4,7,,,,,,,,,False,official_endpoint_withholds_unqualified_player
2025-26,Regular Season,1641753,Chris Livingston,CLE,3,7,,,,,,,,,False,official_endpoint_withholds_unqualified_player
2025-26,Regular Season,1642403,Isaac Jones,DET|SAC,7,7,,,,,,,,,False,official_endpoint_withholds_unqualified_player
2025-26,Regular Season,1641815,Isaiah Stevens,SAC,3,7,,,,,,,,,False,official_endpoint_withholds_unqualified_player
2025-26,Regular Season,1643257,Jayson Kent,POR,5,7,,,,,,,,,False,official_endpoint_withholds_unqualified_player
2025-26,Regular Season,1630846,Olivier Sarr,CLE,4,7,,,,,,,,,False,official_endpoint_withholds_unqualified_player
2025-26,Regular Season,1631111,Wendell Moore Jr.,DET,6,7,,,,,,,,,False,official_endpoint_withholds_unqualified_player
2025-26,Regular Season,1631205,Buddy Boeheim,OKC,4,6,,,,,,,,,False,official_endpoint_withholds_unqualified_player
2025-26,Regular Season,1643024,Chris Mañon,LAL,9,6,,,,,,,,,False,official_endpoint_withholds_unqualified_player
2025-26,Regular Season,1642935,Chucky Hepburn,TOR,2,6,,,,,,,,,False,official_endpoint_withholds_unqualified_player
2025-26,Regular Season,203967,Dario Saric,SAC,5,6,,,,,,,,,False,official_endpoint_withholds_unqualified_player
2025-26,Regular Season,1631127,Harrison Ingram,SAS,7,6,,,,,,,,,False,official_endpoint_withholds_unqualified_player
2025-26,Regular Season,1631210,Jacob Toppin,ATL,5,6,,,,,,,,,False,official_endpoint_withholds_unqualified_player
2025-26,Regular Season,1630658,Colin Castleton,ORL,4,5,,,,,,,,,False,official_endpoint_withholds_unqualified_player
2025-26,Regular Season,1642282,Hunter Sallis,PHI,7,5,,,,,,,,,False,official_endpoint_withholds_unqualified_player
2025-26,Regular Season,1631115,Orlando Robinson,ORL,4,5,,,,,,,,,False,official_endpoint_withholds_unqualified_player
2025-26,Regular Season,1643141,Jahmyl Telfort,LAC,8,4,,,,,,,,,False,official_endpoint_withholds_unqualified_player
2025-26,Regular Season,1642368,N'Faly Dante,ATL,4,4,,,,,,,,,False,official_endpoint_withholds_unqualified_player
2025-26,Regular Season,1642884,Vladislav Goldin,MIA,9,4,,,,,,,,,False,official_endpoint_withholds_unqualified_player
2025-26,Regular Season,1641732,Colby Jones,DET,1,3,,,,,,,,,False,official_endpoint_withholds_unqualified_player
2025-26,Regular Season,1643060,Hayden Gray,UTA,1,3,,,,,,,,,False,official_endpoint_withholds_unqualified_player
2025-26,Regular Season,1642855,Noa Essengue,CHI,2,3,,,,,,,,,False,official_endpoint_withholds_unqualified_player
2025-26,Regular Season,1642280,Trentyn Flowers,CHI,2,3,,,,,,,,,False,official_endpoint_withholds_unqualified_player
2025-26,Regular Season,1630649,Stanley Umude,SAS,2,2,,,,,,,,,False,official_endpoint_withholds_unqualified_player
2025-26,Regular Season,1642468,Darius Brown II,CLE,1,1,,,,,,,,,False,official_endpoint_withholds_unqualified_player
2025-26,Regular Season,1641787,Tosan Evbuomwan,NYK,5,1,,,,,,,,,False,official_endpoint_withholds_unqualified_player
