PLAYERID,FIRSTNAME,LASTNAME,PLAYERNAME,TEAMID,TEAMCITY,TEAMNAME,TEAMABBREVIATION,AVGSHOTQUALITY,AVGMADESHOTQUALITY,AVGMISSEDSHOTQUALITY,MINSHOTQUALITYONMAKE,AVGSHOTQUALITY2PT,AVGMADESHOTQUALITY2PT,AVGMISSEDSHOTQUALITY2PT,AVGSHOTQUALITY3PT,AVGMADESHOTQUALITY3PT,AVGMISSEDSHOTQUALITY3PT,FG2M,FG2M_RANK,FG2A,FG2A_RANK,FG3M,FG3M_RANK,FG3A,FG3A_RANK,FGM,FGM_RANK,FGA,FGA_RANK,FGPCT,FGPCTABOVEEXPECTED,FG3PCT,FG3PCTABOVEEXPECTED,AVGDEFENSIVEHANDHEIGHT,AVGDEFENDERBALLDISTANCE,AVGSHOOTERSPEED,AVGROTATIONDEGREES,AVGDEFENDERPRESSURESCORE,AVGSHOTQUALITY_RANK,AVGMADESHOTQUALITY_RANK,AVGMISSEDSHOTQUALITY_RANK,MINSHOTQUALITYONMAKE_RANK,AVGSHOTQUALITY2PT_RANK,AVGMADESHOTQUALITY2PT_RANK,AVGMISSEDSHOTQUALITY2PT_RANK,AVGSHOTQUALITY3PT_RANK,AVGMADESHOTQUALITY3PT_RANK,AVGMISSEDSHOTQUALITY3PT_RANK,FGPCT_RANK,FGPCTABOVEEXPECTED_RANK,FG3PCT_RANK,FG3PCTABOVEEXPECTED_RANK,AVGDEFENSIVEHANDHEIGHT_RANK,AVGDEFENDERBALLDISTANCE_RANK,AVGSHOOTERSPEED_RANK,AVGROTATIONDEGREES_RANK,AVGDEFENDERPRESSURESCORE_RANK
201942,DeMar,DeRozan,DeMar DeRozan,1610612758,Sacramento,Kings,SAC,0.438,0.475,0.401,0.167,0.454,0.488,0.415,0.351,0.359,0.347,452,15,858,15,47,109,147,109,499,34,1005,42,0.497,0.059,0.32,-0.031,90.617,28.4,3.582,0.0,0.879,89,102,63,108,125,125,109,101,88,98,39,9,100,91,8,124,109,1,1
1629627,Zion,Williamson,Zion Williamson,1610612740,New Orleans,Pelicans,NOP,0.541,0.618,0.417,0.023,0.542,0.618,0.418,0.374,0.41,0.361,483,20,803,20,1,120,4,123,484,39,807,71,0.6,0.059,0.25,-0.124,91.098,35.0,8.106,0.0,0.873,14,15,35,12,47,51,105,29,2,54,7,8,116,117,6,78,2,1,2
1630578,Alperen,Sengun,Alperen Sengun,1610612745,Houston,Rockets,HOU,0.517,0.579,0.445,0.015,0.539,0.595,0.465,0.359,0.366,0.356,543,3,992,3,40,111,131,110,583,14,1123,25,0.519,0.002,0.305,-0.054,88.331,31.9,4.717,0.0,0.865,20,28,13,5,51,69,25,68,63,68,23,87,108,103,32,109,68,1,3
201142,Kevin,Durant,Kevin Durant,1610612745,Houston,Rockets,HOU,0.433,0.474,0.387,0.069,0.474,0.515,0.416,0.351,0.359,0.346,530,8,926,8,186,24,450,29,716,3,1376,6,0.52,0.087,0.413,0.062,94.534,31.8,3.548,0.0,0.865,94,103,91,45,116,120,108,100,89,103,21,2,8,7,1,110,112,1,4
1627742,Brandon,Ingram,Brandon Ingram,1610612761,Toronto,Raptors,TOR,0.442,0.497,0.39,0.1,0.476,0.533,0.412,0.354,0.367,0.346,479,6,935,6,135,50,353,59,614,11,1288,9,0.477,0.035,0.382,0.028,92.886,32.6,4.007,0.0,0.864,82,89,82,66,113,110,111,93,62,101,61,29,33,34,2,104,97,1,5
203999,Nikola,Jokić,Nikola Jokić,1610612743,Denver,Nuggets,DEN,0.466,0.509,0.406,0.106,0.513,0.544,0.455,0.335,0.344,0.33,532,16,837,16,112,74,295,77,644,9,1132,24,0.569,0.103,0.38,0.045,90.151,32.8,4.046,0.0,0.864,60,77,50,70,84,106,31,120,114,121,10,1,35,17,13,102,95,1,6
1629008,Michael,Porter Jr.,Michael Porter Jr.,1610612751,Brooklyn,Nets,BKN,0.424,0.498,0.357,0.067,0.524,0.61,0.407,0.331,0.337,0.327,268,80,473,80,176,29,485,25,444,48,958,48,0.463,0.039,0.363,0.032,89.548,31.0,3.285,0.0,0.86,108,88,122,41,71,57,119,122,117,122,79,25,61,30,17,112,117,1,7
1627759,Jaylen,Brown,Jaylen Brown,1610612738,Boston,Celtics,BOS,0.462,0.523,0.402,0.02,0.501,0.563,0.429,0.352,0.353,0.352,596,1,1139,1,140,45,404,44,736,1,1543,1,0.477,0.015,0.347,-0.005,90.068,29.9,4.887,0.0,0.859,65,66,56,11,95,93,91,96,105,84,61,61,76,68,14,116,57,1,8
1629651,Nic,Claxton,Nic Claxton,1610612751,Brooklyn,Nets,BKN,0.593,0.68,0.469,0.039,0.601,0.683,0.477,0.376,0.412,0.369,330,48,564,48,3,119,19,119,333,100,583,121,0.571,-0.022,0.158,-0.218,87.081,34.7,5.077,0.0,0.859,7,9,4,26,15,16,14,23,1,34,8,113,120,120,54,82,49,1,9
1626164,Devin,Booker,Devin Booker,1610612756,Phoenix,Suns,PHX,0.439,0.492,0.394,0.113,0.482,0.532,0.426,0.347,0.352,0.344,424,17,828,17,122,64,370,52,546,24,1198,16,0.456,0.017,0.33,-0.017,90.235,29.3,4.567,0.0,0.858,86,91,71,76,110,111,94,109,107,104,89,58,95,78,12,120,73,1,10
1629029,Luka,Dončić,Luka Dončić,1610612747,Los Angeles,Lakers,LAL,0.396,0.445,0.35,0.125,0.475,0.52,0.412,0.309,0.316,0.304,439,25,763,25,254,3,694,2,693,5,1457,4,0.476,0.08,0.366,0.057,85.325,32.3,4.134,0.0,0.856,121,117,125,83,114,117,112,124,121,124,64,3,58,9,78,106,89,1,11
1642843,Cooper,Flagg,Cooper Flagg,1610612742,Dallas,Mavericks,DAL,0.481,0.547,0.42,0.121,0.513,0.574,0.444,0.361,0.36,0.361,487,4,950,4,72,100,244,90,559,18,1194,18,0.468,-0.013,0.295,-0.066,89.914,34.6,5.452,0.0,0.855,43,48,30,81,82,86,52,63,86,55,75,105,112,109,15,84,33,1,12
1642259,Alex,Sarr,Alex Sarr,1610612764,Washington,Wizards,WAS,0.491,0.582,0.403,0.089,0.527,0.621,0.418,0.371,0.372,0.37,266,65,506,65,50,108,150,108,316,114,656,109,0.482,-0.009,0.333,-0.038,92.788,29.5,3.892,0.0,0.855,33,27,54,60,65,45,106,36,42,33,58,101,88,96,3,118,100,1,13
1631105,Jalen,Duren,Jalen Duren,1610612765,Detroit,Pistons,DET,0.62,0.702,0.454,0.024,0.62,0.702,0.453,0.654,0.0,0.654,522,20,803,20,0,123,0,124,522,27,803,74,0.65,0.03,0.0,-0.654,85.206,38.6,5.748,0.0,0.855,4,3,10,13,8,9,33,1,123,1,4,38,123,124,81,49,21,1,14
1642852,Derik,Queen,Derik Queen,1610612740,New Orleans,Pelicans,NOP,0.495,0.574,0.42,0.115,0.511,0.587,0.429,0.382,0.39,0.38,331,34,660,34,23,115,88,115,354,87,748,87,0.473,-0.022,0.261,-0.121,88.484,34.9,5.197,0.0,0.852,28,30,29,78,87,75,88,14,11,15,68,112,115,116,29,80,43,1,15
1630567,Scottie,Barnes,Scottie Barnes,1610612761,Toronto,Raptors,TOR,0.514,0.587,0.436,0.08,0.553,0.617,0.467,0.364,0.366,0.362,501,10,899,10,68,102,224,100,569,17,1123,25,0.507,-0.007,0.304,-0.06,89.419,33.7,4.481,0.0,0.851,22,26,15,54,36,54,22,55,64,50,34,98,110,107,20,92,76,1,16
202695,Kawhi,Leonard,Kawhi Leonard,1610612746,LA,Clippers,LAC,0.447,0.501,0.392,0.012,0.507,0.56,0.436,0.34,0.343,0.337,463,19,813,19,172,31,445,32,635,10,1258,10,0.505,0.058,0.387,0.047,89.462,34.5,3.837,0.0,0.851,77,84,75,2,90,94,72,118,115,116,36,10,28,14,19,87,101,1,17
1631094,Paolo,Banchero,Paolo Banchero,1610612753,Orlando,Magic,ORL,0.492,0.573,0.421,0.014,0.53,0.609,0.445,0.372,0.383,0.367,445,12,877,12,84,92,275,83,529,25,1152,22,0.459,-0.033,0.305,-0.067,90.628,33.3,5.236,0.0,0.851,32,31,27,4,62,58,46,34,20,41,87,122,108,110,7,96,41,1,18
1641705,Victor,Wembanyama,Victor Wembanyama,1610612759,San Antonio,Spurs,SAS,0.485,0.572,0.393,0.016,0.549,0.634,0.424,0.355,0.359,0.353,431,28,730,28,122,64,350,60,553,21,1080,31,0.512,0.027,0.349,-0.006,88.005,37.1,4.794,0.0,0.851,39,32,74,6,38,35,97,88,95,80,30,44,74,69,36,62,62,1,19
203954,Joel,Embiid,Joel Embiid,1610612755,Philadelphia,76ers,PHI,0.439,0.5,0.377,0.104,0.468,0.527,0.394,0.347,0.358,0.342,288,56,538,56,53,107,159,107,341,93,697,99,0.489,0.05,0.333,-0.014,85.321,33.1,3.266,0.0,0.85,87,86,111,68,119,113,124,107,97,110,47,14,88,76,79,98,118,1,20
1629028,Deandre,Ayton,Deandre Ayton,1610612747,Los Angeles,Lakers,LAL,0.63,0.692,0.497,0.309,0.63,0.692,0.497,0.0,0.0,0.0,403,41,601,41,0,123,0,124,403,61,601,116,0.671,0.041,0.0,0.0,85.892,34.9,3.555,0.0,0.85,3,5,1,125,6,14,3,125,123,125,2,22,123,125,72,81,111,1,21
1630596,Evan,Mobley,Evan Mobley,1610612739,Cleveland,Cavaliers,CLE,0.548,0.651,0.417,0.013,0.609,0.696,0.453,0.362,0.361,0.363,407,37,650,37,62,103,209,104,469,43,859,61,0.546,-0.002,0.297,-0.065,90.46,34.4,4.078,0.0,0.848,12,10,36,3,13,13,35,59,82,48,15,90,111,108,9,88,93,1,22
203507,Giannis,Antetokounmpo,Giannis Antetokounmpo,1610612749,Milwaukee,Bucks,MIL,0.6,0.689,0.453,0.086,0.621,0.702,0.47,0.357,0.373,0.35,358,52,553,52,15,117,45,117,373,80,598,117,0.624,0.024,0.333,-0.024,87.171,28.8,6.376,0.0,0.848,6,6,11,57,7,8,18,79,38,90,6,49,88,85,52,122,9,1,23
1630595,Cade,Cunningham,Cade Cunningham,1610612765,Detroit,Pistons,DET,0.448,0.504,0.398,0.152,0.495,0.552,0.432,0.346,0.348,0.344,423,18,823,18,125,61,366,54,548,22,1189,19,0.461,0.013,0.342,-0.004,89.734,29.4,5.529,0.0,0.847,75,82,66,96,101,101,79,111,109,105,83,67,81,64,16,119,28,1,24
201935,James,Harden,James Harden,1610612739,Cleveland,Cavaliers,CLE,0.397,0.442,0.362,0.076,0.463,0.522,0.403,0.334,0.34,0.331,272,54,550,54,215,14,573,12,487,37,1123,25,0.434,0.037,0.375,0.041,88.917,30.2,5.782,0.0,0.847,120,120,121,49,121,116,120,121,116,120,115,27,42,23,26,114,18,1,25
1629674,Neemias,Queta,Neemias Queta,1610612738,Boston,Celtics,BOS,0.649,0.728,0.489,0.141,0.653,0.729,0.492,0.393,0.377,0.395,325,69,491,69,1,120,8,121,326,107,499,124,0.653,0.004,0.125,-0.268,85.538,38.6,4.918,0.0,0.846,2,1,3,89,2,4,6,4,30,4,3,85,121,122,75,50,55,1,26
1630552,Jalen,Johnson,Jalen Johnson,1610612737,Atlanta,Hawks,ATL,0.478,0.556,0.403,0.026,0.525,0.603,0.43,0.359,0.364,0.356,480,11,887,11,120,67,341,63,600,13,1228,13,0.489,0.011,0.352,-0.007,87.385,35.0,4.981,0.0,0.844,49,41,55,14,69,64,84,72,72,71,47,71,73,71,43,79,54,1,27
1628973,Jalen,Brunson,Jalen Brunson,1610612752,New York,Knicks,NYK,0.42,0.451,0.392,0.146,0.462,0.492,0.429,0.345,0.348,0.342,494,5,947,5,195,20,528,19,689,6,1475,3,0.467,0.047,0.369,0.024,83.463,32.3,4.888,0.0,0.844,112,115,76,92,122,123,87,113,110,109,77,17,50,39,103,105,56,1,28
1631170,Jaime,Jaquez Jr.,Jaime Jaquez Jr.,1610612748,Miami,Heat,MIA,0.489,0.554,0.42,0.046,0.519,0.58,0.441,0.373,0.384,0.368,406,27,732,27,58,106,183,105,464,44,915,51,0.507,0.018,0.317,-0.056,87.855,34.7,5.825,0.0,0.844,34,42,31,31,75,82,61,32,18,38,34,56,104,104,39,83,17,1,29
1630173,Precious,Achiuwa,Precious Achiuwa,1610612758,Sacramento,Kings,SAC,0.552,0.641,0.448,0.157,0.586,0.665,0.471,0.384,0.389,0.382,289,67,501,67,27,112,97,114,316,114,598,117,0.528,-0.024,0.278,-0.106,88.392,41.0,4.769,0.0,0.843,10,12,12,101,19,21,16,12,12,12,18,115,114,114,30,27,65,1,30
1630162,Anthony,Edwards,Anthony Edwards,1610612750,Minnesota,Timberwolves,MIN,0.445,0.506,0.385,0.054,0.52,0.59,0.431,0.342,0.347,0.339,397,30,717,30,205,18,514,20,602,12,1231,12,0.489,0.044,0.399,0.057,88.652,35.2,4.121,0.0,0.843,78,79,96,33,74,73,83,115,111,114,47,19,19,10,27,76,92,1,31
1628983,Shai,Gilgeous-Alexander,Shai Gilgeous-Alexander,1610612760,Oklahoma City,Thunder,OKC,0.477,0.521,0.419,0.076,0.513,0.553,0.45,0.354,0.355,0.353,616,2,1023,2,115,70,298,72,731,2,1321,8,0.553,0.076,0.386,0.032,87.303,28.5,5.296,0.0,0.843,51,67,32,49,82,99,39,92,101,82,12,4,29,29,46,123,39,1,32
1626181,Norman,Powell,Norman Powell,1610612748,Miami,Heat,MIA,0.433,0.486,0.385,0.059,0.497,0.556,0.423,0.36,0.37,0.353,265,74,485,74,156,38,410,42,421,54,895,53,0.47,0.037,0.38,0.02,89.202,32.9,5.86,0.0,0.842,93,94,97,37,96,97,98,65,50,75,72,28,35,43,22,101,16,1,33
203497,Rudy,Gobert,Rudy Gobert,1610612750,Minnesota,Timberwolves,MIN,0.657,0.727,0.493,0.033,0.66,0.727,0.497,0.384,0.0,0.384,335,72,486,72,0,123,5,122,335,99,491,125,0.682,0.025,0.0,-0.384,84.823,39.0,4.172,0.0,0.842,1,2,2,18,1,5,4,11,123,9,1,47,123,123,87,44,87,1,34
1641718,Keyonte,George,Keyonte George,1610612762,Utah,Jazz,UTA,0.441,0.521,0.371,0.156,0.507,0.606,0.397,0.349,0.358,0.344,268,62,520,62,134,52,361,57,402,62,881,56,0.456,0.015,0.371,0.022,88.283,32.0,5.52,0.0,0.839,85,68,119,100,91,63,123,104,96,106,89,62,46,42,34,108,29,1,35
1628991,Jaren,Jackson Jr.,Jaren Jackson Jr.,1610612762,Utah,Jazz,UTA,0.428,0.476,0.382,0.162,0.468,0.514,0.411,0.349,0.359,0.343,258,76,484,76,84,92,235,96,342,92,719,94,0.476,0.048,0.357,0.008,87.84,29.1,5.054,0.0,0.838,100,99,100,104,120,121,114,105,90,108,64,16,69,55,40,121,51,1,36
1627783,Pascal,Siakam,Pascal Siakam,1610612754,Indiana,Pacers,IND,0.48,0.536,0.425,0.128,0.518,0.573,0.453,0.372,0.377,0.369,454,13,862,13,105,78,293,78,559,18,1155,20,0.484,0.004,0.358,-0.014,84.332,36.7,5.511,0.0,0.836,46,56,23,85,79,88,34,35,32,35,53,82,68,75,93,64,31,1,37
1628386,Jarrett,Allen,Jarrett Allen,1610612739,Cleveland,Cavaliers,CLE,0.607,0.686,0.463,0.043,0.612,0.687,0.467,0.367,0.333,0.371,336,63,518,63,1,120,10,120,337,98,528,123,0.638,0.031,0.1,-0.267,84.81,37.2,5.35,0.0,0.836,5,8,7,28,10,15,21,47,120,30,5,36,122,121,88,60,36,1,38
1630230,Naji,Marshall,Naji Marshall,1610612742,Dallas,Mavericks,DAL,0.483,0.545,0.415,0.155,0.521,0.572,0.444,0.373,0.385,0.368,357,40,608,40,62,103,213,103,419,55,821,66,0.51,0.027,0.291,-0.082,87.285,34.6,5.117,0.0,0.835,41,51,41,99,73,89,48,30,17,36,32,42,113,113,47,85,48,1,39
1626157,Karl-Anthony,Towns,Karl-Anthony Towns,1610612752,New York,Knicks,NYK,0.497,0.592,0.398,0.086,0.567,0.664,0.439,0.337,0.337,0.336,404,29,725,29,113,73,307,68,517,28,1032,38,0.501,0.004,0.368,0.031,83.615,36.0,5.012,0.0,0.835,26,23,65,57,31,23,66,119,118,119,38,83,52,31,102,73,53,1,40
1629640,Keldon,Johnson,Keldon Johnson,1610612759,San Antonio,Spurs,SAS,0.479,0.54,0.408,0.034,0.539,0.595,0.447,0.367,0.37,0.366,315,61,524,61,99,86,273,85,414,58,797,77,0.519,0.04,0.363,-0.004,89.177,36.2,4.306,0.0,0.834,47,53,47,20,49,70,42,46,54,42,23,23,61,66,23,72,84,1,41
1642276,Kel'el,Ware,Kel'el Ware,1610612748,Miami,Heat,MIA,0.54,0.632,0.432,0.269,0.65,0.742,0.501,0.36,0.363,0.358,252,100,416,100,92,89,233,97,344,91,649,111,0.53,-0.01,0.395,0.035,87.909,38.0,2.947,0.0,0.834,15,13,16,124,4,1,2,64,74,63,17,102,22,27,37,52,124,1,42
1626171,Bobby,Portis,Bobby Portis,1610612749,Milwaukee,Bucks,MIL,0.432,0.462,0.402,0.151,0.482,0.524,0.436,0.358,0.357,0.358,231,88,454,88,135,50,296,74,366,82,750,86,0.488,0.056,0.456,0.098,89.027,33.2,3.23,0.0,0.833,96,110,59,94,109,114,71,77,99,64,50,12,1,1,25,97,119,1,43
1631101,Shaedon,Sharpe,Shaedon Sharpe,1610612757,Portland,Trail Blazers,POR,0.46,0.552,0.38,0.126,0.518,0.621,0.401,0.355,0.36,0.353,289,49,562,49,103,79,306,69,392,71,868,58,0.452,-0.008,0.337,-0.018,86.888,31.0,5.718,0.0,0.832,67,45,106,84,80,44,121,83,87,77,96,100,86,80,56,111,22,1,44
1628378,Donovan,Mitchell,Donovan Mitchell,1610612739,Cleveland,Cavaliers,CLE,0.426,0.473,0.38,0.011,0.49,0.532,0.429,0.346,0.353,0.342,454,23,787,23,224,9,616,7,678,7,1403,5,0.483,0.057,0.364,0.018,85.516,33.5,5.195,0.0,0.831,104,105,104,1,106,112,90,110,103,111,56,11,59,45,76,94,44,1,45
203944,Julius,Randle,Julius Randle,1610612750,Minnesota,Timberwolves,MIN,0.488,0.57,0.409,0.027,0.542,0.62,0.443,0.359,0.36,0.358,471,14,861,14,109,76,346,62,580,16,1207,14,0.481,-0.007,0.315,-0.044,87.255,36.6,5.367,0.0,0.831,36,33,46,15,44,48,54,73,84,65,59,97,106,99,49,65,35,1,46
203952,Andrew,Wiggins,Andrew Wiggins,1610612748,Miami,Heat,MIA,0.468,0.529,0.411,0.085,0.541,0.62,0.454,0.365,0.371,0.36,252,70,488,70,138,46,333,64,390,73,821,66,0.475,0.007,0.414,0.049,91.761,30.1,4.364,0.0,0.83,58,64,45,55,48,47,32,50,49,58,66,76,7,12,4,115,81,1,47
1628374,Lauri,Markkanen,Lauri Markkanen,1610612762,Utah,Jazz,UTA,0.47,0.553,0.39,0.065,0.558,0.638,0.446,0.345,0.358,0.338,269,77,481,77,115,70,324,66,384,77,805,72,0.477,0.007,0.355,0.01,89.494,26.8,4.312,0.0,0.83,57,44,80,40,34,31,43,112,98,115,61,77,70,53,18,125,83,1,48
1631096,Chet,Holmgren,Chet Holmgren,1610612760,Oklahoma City,Thunder,OKC,0.529,0.626,0.407,0.148,0.611,0.696,0.452,0.359,0.363,0.356,346,57,536,57,88,91,243,92,434,53,779,78,0.557,0.028,0.362,0.003,87.877,37.1,3.958,0.0,0.83,17,14,48,93,11,12,36,69,74,67,11,41,64,60,38,61,99,1,49
1627750,Jamal,Murray,Jamal Murray,1610612743,Denver,Nuggets,DEN,0.423,0.459,0.389,0.144,0.471,0.516,0.419,0.357,0.36,0.355,412,22,797,22,245,5,563,14,657,8,1360,7,0.483,0.06,0.435,0.078,87.238,33.8,5.23,0.0,0.83,109,112,84,90,118,119,103,78,85,72,56,7,5,3,51,91,42,1,50
203468,CJ,McCollum,CJ McCollum,1610612737,Atlanta,Hawks,ATL,0.421,0.459,0.389,0.017,0.478,0.518,0.432,0.35,0.352,0.349,334,38,644,38,191,22,510,22,525,26,1154,21,0.455,0.034,0.375,0.025,86.579,33.5,5.302,0.0,0.829,111,111,85,10,112,118,82,103,106,93,93,32,42,38,61,93,38,1,51
1641709,Ausar,Thompson,Ausar Thompson,1610612765,Detroit,Pistons,DET,0.589,0.699,0.461,0.068,0.6,0.706,0.469,0.359,0.301,0.374,297,52,553,52,6,118,24,118,303,122,577,122,0.525,-0.064,0.25,-0.109,86.077,37.9,6.242,0.0,0.829,8,4,8,44,16,7,20,71,122,22,19,125,116,115,69,55,10,1,52
2544,LeBron,James,LeBron James,1610612747,Los Angeles,Lakers,LAL,0.512,0.608,0.406,0.016,0.572,0.658,0.445,0.342,0.345,0.34,396,32,676,32,77,98,243,92,473,41,919,50,0.515,0.003,0.317,-0.025,85.269,47.7,6.882,0.0,0.829,25,19,51,6,28,25,47,116,113,112,27,86,104,86,80,2,7,1,53
1642845,VJ,Edgecombe,VJ Edgecombe,1610612755,Philadelphia,76ers,PHI,0.466,0.544,0.404,0.121,0.545,0.635,0.45,0.359,0.364,0.356,302,39,609,39,149,42,421,37,451,46,1030,39,0.438,-0.028,0.354,-0.005,86.011,36.6,4.817,0.0,0.828,59,52,53,81,40,34,38,70,71,70,110,119,71,67,70,66,61,1,54
1642264,Stephon,Castle,Stephon Castle,1610612759,San Antonio,Spurs,SAS,0.493,0.576,0.417,0.047,0.544,0.629,0.444,0.375,0.378,0.373,304,46,573,46,81,97,244,90,385,76,817,68,0.471,-0.022,0.332,-0.043,84.445,39.7,5.124,0.0,0.826,31,29,37,32,43,40,49,26,29,24,70,111,93,98,91,39,47,1,55
1642875,Maxime,Raynaud,Maxime Raynaud,1610612758,Sacramento,Kings,SAC,0.549,0.612,0.463,0.04,0.571,0.626,0.483,0.378,0.391,0.372,359,42,597,42,24,114,74,116,383,78,671,104,0.571,0.022,0.324,-0.054,84.868,46.5,4.436,0.0,0.824,11,17,6,27,29,41,9,19,10,28,8,53,99,102,85,5,78,1,56
1628389,Bam,Adebayo,Bam Adebayo,1610612748,Miami,Heat,MIA,0.474,0.531,0.428,0.104,0.53,0.584,0.471,0.374,0.379,0.372,379,26,745,26,127,58,400,45,506,31,1145,23,0.442,-0.032,0.318,-0.056,85.727,40.5,3.669,0.0,0.824,53,62,19,68,61,78,17,28,26,25,106,121,102,106,74,30,107,1,57
203924,Jerami,Grant,Jerami Grant,1610612757,Portland,Trail Blazers,POR,0.441,0.513,0.378,0.162,0.506,0.607,0.388,0.374,0.381,0.371,195,104,380,104,136,49,350,60,331,102,730,92,0.453,0.012,0.389,0.015,91.607,33.1,4.696,0.0,0.824,83,75,109,104,92,62,125,27,25,32,95,68,26,48,5,99,69,1,58
1630183,Jaden,McDaniels,Jaden McDaniels,1610612750,Minnesota,Timberwolves,MIN,0.488,0.551,0.421,0.085,0.539,0.607,0.45,0.378,0.385,0.374,314,50,559,50,103,79,250,88,417,56,809,70,0.515,0.027,0.412,0.034,84.075,41.6,4.496,0.0,0.823,35,47,28,55,50,60,41,17,16,23,27,45,10,28,96,22,75,1,59
1628415,Dillon,Brooks,Dillon Brooks,1610612756,Phoenix,Suns,PHX,0.418,0.457,0.388,0.239,0.455,0.495,0.414,0.361,0.37,0.357,290,44,590,44,127,58,369,53,417,56,959,47,0.435,0.017,0.344,-0.017,86.193,36.4,4.06,0.0,0.822,114,114,89,123,124,122,110,61,55,66,113,59,78,79,67,68,94,1,60
1641716,Jarace,Walker,Jarace Walker,1610612754,Indiana,Pacers,IND,0.437,0.505,0.387,0.153,0.51,0.612,0.417,0.362,0.366,0.36,174,105,377,105,133,53,356,58,307,119,733,91,0.419,-0.018,0.374,0.012,88.301,38.9,4.833,0.0,0.821,90,81,92,97,88,56,107,60,66,61,121,107,44,51,33,45,59,1,61
1630200,Tre,Jones,Tre Jones,1610612741,Chicago,Bulls,CHI,0.519,0.595,0.424,0.027,0.554,0.621,0.444,0.388,0.401,0.383,300,71,487,71,41,110,130,111,341,93,617,115,0.553,0.034,0.315,-0.073,86.502,38.8,9.037,0.0,0.821,18,22,26,15,35,43,50,7,3,11,12,30,106,112,62,47,1,1,62
1642907,Cedric,Coward,Cedric Coward,1610612763,Memphis,Grizzlies,MEM,0.463,0.546,0.388,0.034,0.53,0.619,0.408,0.373,0.377,0.371,212,107,373,107,93,88,275,83,305,121,648,112,0.471,0.008,0.338,-0.035,87.615,34.5,4.544,0.0,0.821,63,49,90,20,57,49,117,31,30,31,70,75,84,95,42,86,74,1,63
1641824,Matas,Buzelis,Matas Buzelis,1610612741,Chicago,Bulls,CHI,0.462,0.546,0.388,0.112,0.578,0.664,0.451,0.355,0.362,0.352,273,82,468,82,173,30,495,23,446,47,963,45,0.463,0.001,0.349,-0.006,88.243,36.2,5.602,0.0,0.82,64,50,88,73,21,22,37,85,79,85,79,89,74,70,35,71,25,1,64
1631157,Ryan,Rollins,Ryan Rollins,1610612749,Milwaukee,Bucks,MIL,0.427,0.476,0.381,0.078,0.481,0.543,0.409,0.358,0.364,0.354,302,45,577,45,184,25,453,28,486,38,1030,39,0.472,0.045,0.406,0.048,88.368,32.3,5.263,0.0,0.82,101,100,103,53,111,108,115,76,69,74,69,18,14,13,31,107,40,1,65
1628368,De'Aaron,Fox,De'Aaron Fox,1610612759,San Antonio,Spurs,SAS,0.459,0.519,0.399,0.06,0.518,0.572,0.438,0.362,0.364,0.362,378,36,652,36,131,55,395,47,509,30,1047,34,0.486,0.027,0.332,-0.03,85.137,37.5,4.394,0.0,0.82,68,69,64,39,78,90,68,58,70,53,51,43,93,90,82,59,79,1,66
1628381,John,Collins,John Collins,1610612746,LA,Clippers,LAC,0.514,0.592,0.414,0.12,0.575,0.656,0.429,0.397,0.396,0.397,275,92,440,92,89,90,219,102,364,83,659,106,0.552,0.038,0.406,0.009,87.248,38.9,4.149,0.0,0.82,23,24,43,80,27,27,89,3,5,3,14,26,14,54,50,46,88,1,67
1630217,Desmond,Bane,Desmond Bane,1610612753,Orlando,Magic,ORL,0.444,0.5,0.39,0.016,0.495,0.557,0.421,0.355,0.362,0.351,416,24,778,24,167,33,427,36,583,14,1205,15,0.484,0.04,0.391,0.036,85.763,36.5,6.538,0.0,0.82,79,85,81,6,102,96,102,84,78,88,53,24,25,26,73,67,8,1,68
1629012,Collin,Sexton,Collin Sexton,1610612741,Chicago,Bulls,CHI,0.458,0.516,0.404,0.067,0.522,0.588,0.444,0.356,0.359,0.354,248,85,463,85,112,74,279,82,360,84,742,89,0.485,0.027,0.401,0.045,86.298,33.0,5.656,0.0,0.82,69,70,52,41,72,74,51,82,94,73,52,46,17,16,65,100,23,1,69
1628398,Kyle,Kuzma,Kyle Kuzma,1610612749,Milwaukee,Bucks,MIL,0.495,0.568,0.424,0.112,0.567,0.631,0.477,0.369,0.374,0.365,256,90,450,90,83,95,239,95,339,96,689,100,0.492,-0.003,0.347,-0.022,86.628,37.5,6.004,0.0,0.819,27,36,25,73,32,38,15,42,36,44,42,93,76,82,60,58,14,1,70
1630166,Deni,Avdija,Deni Avdija,1610612757,Portland,Trail Blazers,POR,0.476,0.565,0.398,0.035,0.544,0.633,0.432,0.363,0.369,0.361,367,33,671,33,125,61,393,48,492,36,1064,32,0.462,-0.014,0.318,-0.045,86.82,33.8,5.782,0.0,0.818,52,38,67,23,41,36,80,57,59,57,81,106,102,100,57,90,19,1,71
1628401,Derrick,White,Derrick White,1610612738,Boston,Celtics,BOS,0.413,0.465,0.379,0.153,0.497,0.559,0.435,0.353,0.363,0.348,228,82,468,82,209,17,640,5,437,50,1108,28,0.394,-0.019,0.327,-0.026,82.541,36.0,3.439,0.0,0.818,115,109,108,97,97,95,76,94,76,95,125,108,97,87,107,74,115,1,72
1642844,Dylan,Harper,Dylan Harper,1610612759,San Antonio,Spurs,SAS,0.493,0.565,0.417,0.059,0.538,0.607,0.442,0.376,0.378,0.375,270,78,478,78,61,105,178,106,331,102,656,109,0.505,0.012,0.343,-0.033,85.116,41.0,6.03,0.0,0.817,30,37,38,37,53,61,59,22,27,20,36,70,80,92,83,26,12,1,73
1628970,Miles,Bridges,Miles Bridges,1610612766,Charlotte,Hornets,CHA,0.455,0.525,0.393,0.112,0.529,0.596,0.443,0.357,0.37,0.35,331,42,597,42,148,43,445,32,479,40,1042,37,0.46,0.005,0.333,-0.024,85.062,36.2,5.055,0.0,0.817,71,65,73,73,63,68,53,81,52,89,84,80,88,84,84,69,50,1,74
1641729,Brice,Sensabaugh,Brice Sensabaugh,1610612762,Utah,Jazz,UTA,0.437,0.495,0.385,0.033,0.526,0.592,0.437,0.355,0.359,0.353,232,101,415,101,162,35,442,34,394,68,857,62,0.46,0.023,0.367,0.012,89.06,37.7,3.795,0.0,0.817,91,90,95,18,68,71,69,86,93,83,84,51,55,52,24,57,102,1,75
1629628,RJ,Barrett,RJ Barrett,1610612761,Toronto,Raptors,TOR,0.485,0.568,0.402,0.161,0.547,0.63,0.429,0.373,0.375,0.371,305,58,533,58,96,87,283,79,401,64,816,69,0.491,0.006,0.339,-0.034,86.304,32.7,5.474,0.0,0.817,38,35,58,103,39,39,86,33,35,29,44,78,83,93,64,103,32,1,76
1630581,Josh,Giddey,Josh Giddey,1610612741,Chicago,Bulls,CHI,0.453,0.515,0.402,0.058,0.513,0.583,0.439,0.364,0.372,0.36,218,95,434,95,103,79,283,79,321,110,717,95,0.448,-0.005,0.364,0.0,82.376,36.2,6.028,0.0,0.816,72,74,57,34,85,79,65,51,44,59,101,96,59,61,108,70,13,1,77
1631095,Jabari,Smith Jr.,Jabari Smith Jr.,1610612745,Houston,Rockets,HOU,0.461,0.532,0.402,0.218,0.551,0.637,0.445,0.375,0.381,0.372,261,72,486,72,177,28,488,24,438,49,974,43,0.45,-0.011,0.363,-0.012,89.366,40.5,3.068,0.0,0.816,66,61,60,121,37,32,45,25,22,26,99,104,61,74,21,31,122,1,78
1630559,Austin,Reaves,Austin Reaves,1610612747,Los Angeles,Lakers,LAL,0.448,0.515,0.382,0.09,0.524,0.587,0.432,0.347,0.359,0.34,255,95,434,95,118,68,328,65,373,80,762,82,0.49,0.042,0.36,0.013,81.665,35.0,5.959,0.0,0.816,76,73,101,62,70,76,81,108,91,113,45,21,67,50,112,77,15,1,79
1630700,Dyson,Daniels,Dyson Daniels,1610612737,Atlanta,Hawks,ATL,0.539,0.612,0.459,0.067,0.566,0.626,0.483,0.391,0.387,0.392,380,34,660,34,22,116,117,112,402,62,777,80,0.517,-0.022,0.188,-0.203,83.935,41.9,7.0,0.0,0.816,16,16,9,41,33,42,10,5,14,5,25,110,119,119,98,21,6,1,80
202699,Tobias,Harris,Tobias Harris,1610612765,Detroit,Pistons,DET,0.48,0.534,0.431,0.163,0.527,0.583,0.462,0.388,0.392,0.386,227,94,436,94,82,96,223,101,309,117,659,106,0.469,-0.011,0.368,-0.02,86.383,43.8,4.68,0.0,0.816,45,58,17,107,64,80,26,8,7,7,74,103,52,81,63,14,71,1,81
1642847,Jeremiah,Fears,Jeremiah Fears,1610612740,New Orleans,Pelicans,NOP,0.482,0.561,0.418,0.129,0.538,0.621,0.458,0.359,0.369,0.353,336,31,700,31,101,82,306,69,437,50,1006,41,0.434,-0.048,0.33,-0.029,81.805,39.1,7.414,0.0,0.815,42,39,33,86,52,46,30,74,58,76,115,123,95,88,110,43,3,1,82
1630170,Devin,Vassell,Devin Vassell,1610612759,San Antonio,Spurs,SAS,0.422,0.457,0.393,0.045,0.495,0.543,0.442,0.369,0.373,0.366,164,117,323,117,166,34,432,35,330,104,755,83,0.437,0.015,0.384,0.015,90.266,35.5,3.704,0.0,0.815,110,113,72,30,104,107,60,41,37,43,111,63,31,47,11,75,105,1,83
1642271,Kyle,Filipowski,Kyle Filipowski,1610612762,Utah,Jazz,UTA,0.518,0.61,0.425,0.058,0.593,0.678,0.465,0.381,0.382,0.38,249,97,429,97,74,99,228,98,323,109,657,108,0.492,-0.026,0.325,-0.056,86.8,41.2,4.722,0.0,0.815,19,18,24,34,17,17,24,15,21,14,42,117,98,105,58,25,67,1,84
201950,Jrue,Holiday,Jrue Holiday,1610612757,Portland,Trail Blazers,POR,0.42,0.473,0.376,0.016,0.496,0.564,0.419,0.348,0.35,0.347,183,112,347,112,137,47,362,56,320,111,709,96,0.451,0.031,0.378,0.03,83.086,29.6,4.339,0.0,0.815,113,107,113,6,99,92,104,106,108,99,97,35,39,32,104,117,82,1,85
1641708,Amen,Thompson,Amen Thompson,1610612745,Houston,Rockets,HOU,0.587,0.687,0.464,0.185,0.611,0.701,0.48,0.399,0.4,0.398,532,7,928,7,25,113,116,113,557,20,1044,35,0.534,-0.053,0.216,-0.183,81.452,45.1,6.182,0.0,0.814,9,7,5,113,12,10,11,2,4,2,16,124,118,118,115,8,11,1,86
1642270,Donovan,Clingan,Donovan Clingan,1610612757,Portland,Trail Blazers,POR,0.548,0.644,0.441,0.13,0.652,0.733,0.513,0.371,0.369,0.372,272,93,438,93,84,92,246,89,356,86,684,102,0.52,-0.028,0.341,-0.03,84.573,46.9,2.933,0.0,0.813,13,11,14,87,3,3,1,38,60,27,21,118,82,89,89,4,125,1,87
201939,Stephen,Curry,Stephen Curry,1610612744,Golden State,Warriors,GSW,0.394,0.442,0.351,0.109,0.503,0.555,0.427,0.324,0.333,0.318,184,118,315,118,190,23,484,26,374,79,799,75,0.468,0.074,0.393,0.069,79.887,30.4,4.672,0.0,0.813,123,119,124,72,94,98,93,123,119,123,75,5,24,6,121,113,72,1,88
203501,Tim,Hardaway Jr.,Tim Hardaway Jr.,1610612743,Denver,Nuggets,DEN,0.404,0.442,0.373,0.192,0.512,0.568,0.443,0.36,0.371,0.351,124,122,229,122,224,9,550,16,348,89,779,78,0.447,0.043,0.407,0.047,87.158,38.0,3.133,0.0,0.813,118,118,117,115,86,91,55,66,45,86,102,20,13,15,53,54,121,1,89
1628969,Mikal,Bridges,Mikal Bridges,1610612752,New York,Knicks,NYK,0.484,0.554,0.417,0.089,0.576,0.645,0.478,0.367,0.37,0.365,316,55,543,55,156,38,420,38,472,42,963,45,0.49,0.006,0.371,0.004,87.643,41.0,5.149,0.0,0.809,40,43,39,60,26,29,13,48,53,45,45,79,46,58,41,28,46,1,90
1628404,Josh,Hart,Josh Hart,1610612752,New York,Knicks,NYK,0.479,0.539,0.414,0.133,0.542,0.613,0.442,0.387,0.392,0.384,201,111,350,111,100,83,242,94,301,123,592,120,0.508,0.029,0.413,0.026,86.636,46.0,5.328,0.0,0.808,48,55,44,88,46,55,58,10,8,10,33,39,8,37,59,7,37,1,91
1630180,Saddiq,Bey,Saddiq Bey,1610612740,New Orleans,Pelicans,NOP,0.441,0.505,0.386,0.077,0.497,0.576,0.408,0.368,0.372,0.365,285,51,555,51,151,41,412,40,436,52,967,44,0.451,0.01,0.367,-0.001,83.863,37.8,5.511,0.0,0.807,84,80,93,51,98,84,116,44,40,46,97,73,55,62,99,56,30,1,92
1629656,Quentin,Grimes,Quentin Grimes,1610612755,Philadelphia,76ers,PHI,0.473,0.56,0.401,0.037,0.579,0.668,0.461,0.368,0.378,0.363,213,106,375,106,127,58,380,50,340,95,755,83,0.45,-0.023,0.334,-0.034,86.258,39.7,5.761,0.0,0.807,54,40,62,24,20,20,27,43,28,49,99,114,87,94,66,40,20,1,93
1642267,Bub,Carrington,Bub Carrington,1610612764,Washington,Wizards,WAS,0.406,0.424,0.392,0.232,0.46,0.491,0.435,0.363,0.367,0.361,145,116,327,116,169,32,414,39,314,116,741,90,0.424,0.018,0.408,0.045,87.357,40.0,3.547,0.0,0.807,117,125,77,122,123,124,75,56,61,56,120,55,12,18,44,35,113,1,94
1629638,Nickeil,Alexander-Walker,Nickeil Alexander-Walker,1610612737,Atlanta,Hawks,ATL,0.428,0.483,0.38,0.034,0.51,0.585,0.422,0.357,0.365,0.351,297,47,566,47,251,4,629,6,548,22,1195,17,0.459,0.031,0.399,0.042,86.082,39.7,4.832,0.0,0.806,99,97,105,20,89,77,99,80,68,87,87,37,19,21,68,38,60,1,95
1641706,Brandon,Miller,Brandon Miller,1610612766,Charlotte,Hornets,CHA,0.434,0.49,0.389,0.145,0.519,0.601,0.436,0.354,0.357,0.353,250,64,511,64,204,19,533,18,454,45,1044,35,0.435,0.001,0.383,0.029,83.668,44.1,4.371,0.0,0.805,92,92,86,91,76,65,73,90,100,79,113,88,32,33,101,11,80,1,96
1630163,LaMelo,Ball,LaMelo Ball,1610612766,Charlotte,Hornets,CHA,0.393,0.428,0.368,0.073,0.472,0.524,0.424,0.34,0.346,0.337,234,66,504,66,272,2,740,1,506,31,1244,11,0.407,0.014,0.368,0.028,80.56,40.0,5.033,0.0,0.805,124,123,120,47,117,115,96,117,112,117,123,64,52,36,118,34,52,1,97
201566,Russell,Westbrook,Russell Westbrook,1610612758,Sacramento,Kings,SAC,0.458,0.515,0.415,0.09,0.527,0.591,0.459,0.378,0.381,0.377,230,86,460,86,128,57,379,51,358,85,839,64,0.427,-0.031,0.338,-0.04,79.289,42.9,5.392,0.0,0.804,70,72,42,62,66,72,29,18,23,17,119,120,84,97,122,17,34,1,98
1631108,Max,Christie,Max Christie,1610612742,Dallas,Mavericks,DAL,0.424,0.478,0.382,0.185,0.53,0.619,0.439,0.359,0.369,0.353,140,120,279,120,180,26,446,31,320,111,725,93,0.441,0.017,0.404,0.045,90.417,34.3,4.034,0.0,0.803,105,98,102,113,58,50,67,67,56,81,108,57,16,19,10,89,96,1,99
1629675,Naz,Reid,Naz Reid,1610612750,Minnesota,Timberwolves,MIN,0.427,0.475,0.384,0.058,0.496,0.551,0.422,0.364,0.369,0.362,235,99,423,99,162,35,448,30,397,66,871,57,0.456,0.029,0.362,-0.002,86.0,41.5,4.199,0.0,0.803,102,101,99,34,100,103,100,52,57,52,89,40,64,63,71,24,86,1,100
1642281,Jaylon,Tyson,Jaylon Tyson,1610612739,Cleveland,Cavaliers,CLE,0.481,0.534,0.426,0.169,0.577,0.643,0.492,0.366,0.371,0.362,197,108,372,108,133,53,298,72,330,104,670,105,0.493,0.012,0.446,0.08,82.359,40.5,4.882,0.0,0.801,44,59,21,110,25,30,7,49,48,51,40,69,2,2,109,29,58,1,101
1630178,Tyrese,Maxey,Tyrese Maxey,1610612755,Philadelphia,76ers,PHI,0.431,0.49,0.378,0.037,0.485,0.551,0.408,0.351,0.361,0.346,474,9,902,9,220,11,599,8,694,4,1501,2,0.462,0.031,0.367,0.016,81.546,38.7,7.192,0.0,0.801,97,93,110,24,108,102,118,98,81,102,81,34,55,46,114,48,5,1,102
1628384,OG,Anunoby,OG Anunoby,1610612752,New York,Knicks,NYK,0.488,0.592,0.388,0.029,0.619,0.74,0.436,0.364,0.372,0.359,232,103,397,103,157,37,407,43,389,74,804,73,0.484,-0.004,0.386,0.022,86.938,39.4,4.291,0.0,0.801,37,25,87,17,9,2,70,54,41,62,53,95,29,41,55,41,85,1,103
1628976,Wendell,Carter Jr.,Wendell Carter Jr.,1610612753,Orlando,Magic,ORL,0.516,0.599,0.427,0.113,0.587,0.656,0.469,0.39,0.396,0.387,254,102,411,102,72,100,226,99,326,107,637,113,0.512,-0.004,0.319,-0.071,84.107,47.1,3.166,0.0,0.8,21,20,20,76,18,26,19,6,6,6,30,94,101,111,95,3,120,1,104
1642851,Kon,Knueppel,Kon Knueppel,1610612766,Charlotte,Hornets,CHA,0.424,0.473,0.379,0.106,0.53,0.598,0.445,0.352,0.364,0.344,242,91,442,91,273,1,642,4,515,29,1084,30,0.475,0.051,0.425,0.073,84.467,36.8,4.688,0.0,0.8,106,104,107,70,56,67,44,96,73,107,66,13,6,4,90,63,70,1,105
1629614,Andrew,Nembhard,Andrew Nembhard,1610612754,Indiana,Pacers,IND,0.444,0.504,0.395,0.098,0.504,0.573,0.433,0.354,0.361,0.35,226,87,457,87,107,77,296,74,333,100,753,85,0.442,-0.002,0.361,0.007,81.36,40.1,4.438,0.0,0.8,80,83,69,65,93,87,78,91,80,92,106,92,66,56,116,32,77,1,106
1630168,Onyeka,Okongwu,Onyeka Okongwu,1610612737,Atlanta,Hawks,ATL,0.47,0.536,0.407,0.162,0.544,0.617,0.443,0.38,0.385,0.377,269,79,477,79,144,44,383,49,413,59,860,60,0.48,0.01,0.376,-0.004,83.727,43.0,4.126,0.0,0.799,56,57,49,104,42,53,56,16,15,16,60,74,41,65,100,16,91,1,107
1642377,Jaylen,Wells,Jaylen Wells,1610612763,Memphis,Grizzlies,MEM,0.439,0.499,0.391,0.196,0.519,0.599,0.429,0.369,0.371,0.368,172,115,333,115,129,56,365,55,301,123,698,97,0.431,-0.008,0.353,-0.016,84.065,39.9,3.604,0.0,0.798,88,87,78,116,77,66,85,40,46,39,117,99,72,77,97,36,108,1,108
1630530,Trey,Murphy III,Trey Murphy III,1610612740,New Orleans,Pelicans,NOP,0.449,0.533,0.373,0.086,0.578,0.674,0.44,0.343,0.353,0.336,280,74,485,74,214,15,565,13,494,35,1050,33,0.47,0.021,0.379,0.036,81.573,39.3,4.78,0.0,0.798,74,60,118,57,22,18,64,114,104,118,72,54,37,25,113,42,64,1,109
1642846,Ace,Bailey,Ace Bailey,1610612762,Utah,Jazz,UTA,0.463,0.54,0.401,0.204,0.542,0.633,0.443,0.367,0.372,0.365,258,68,494,68,137,47,398,46,395,67,892,54,0.443,-0.02,0.344,-0.023,82.827,43.8,3.737,0.0,0.797,62,54,61,118,45,37,57,45,43,47,104,109,78,83,105,13,103,1,110
1641710,Anthony,Black,Anthony Black,1610612753,Orlando,Magic,ORL,0.473,0.57,0.391,0.077,0.531,0.646,0.401,0.383,0.387,0.381,245,81,472,81,100,83,300,71,345,90,772,81,0.447,-0.026,0.333,-0.05,82.629,44.1,5.58,0.0,0.796,55,34,79,51,55,28,122,13,13,13,102,116,88,101,106,10,26,1,111
202696,Nikola,Vučević,Nikola Vučević,1610612738,Boston,Celtics,BOS,0.477,0.53,0.425,0.182,0.53,0.579,0.465,0.377,0.383,0.374,294,60,528,60,100,83,271,86,394,68,799,75,0.493,0.016,0.369,-0.008,81.667,41.6,4.129,0.0,0.796,50,63,22,111,59,83,23,21,19,21,40,60,50,73,111,23,90,1,112
1629636,Darius,Garland,Darius Garland,1610612746,LA,Clippers,LAC,0.426,0.473,0.386,0.151,0.488,0.546,0.425,0.355,0.363,0.35,187,110,364,110,122,64,308,67,309,117,672,103,0.46,0.034,0.396,0.041,80.313,43.7,5.618,0.0,0.796,103,106,94,94,107,105,95,87,77,91,84,31,21,22,120,15,24,1,113
1629130,Duncan,Robinson,Duncan Robinson,1610612765,Detroit,Pistons,DET,0.392,0.435,0.356,0.21,0.537,0.617,0.412,0.351,0.359,0.346,98,125,162,125,220,11,536,17,318,113,698,97,0.456,0.064,0.41,0.059,85.45,38.0,3.289,0.0,0.794,125,122,123,120,54,52,113,99,92,100,89,6,11,8,77,53,116,1,114
1630577,Julian,Champagnie,Julian Champagnie,1610612759,San Antonio,Spurs,SAS,0.424,0.486,0.374,0.184,0.607,0.701,0.459,0.361,0.37,0.356,106,124,177,124,195,20,512,21,301,123,689,100,0.437,0.013,0.381,0.02,87.335,39.8,3.445,0.0,0.794,107,96,114,112,14,11,28,62,51,69,111,66,34,44,45,37,114,1,115
1630245,Ayo,Dosunmu,Ayo Dosunmu,1610612750,Minnesota,Timberwolves,MIN,0.493,0.551,0.429,0.072,0.57,0.637,0.48,0.37,0.373,0.368,263,84,467,84,123,63,280,81,386,75,747,88,0.517,0.024,0.439,0.069,84.362,40.0,7.408,0.0,0.791,29,46,18,46,30,33,12,39,39,37,25,50,4,5,92,33,4,1,116
1630202,Payton,Pritchard,Payton Pritchard,1610612738,Boston,Celtics,BOS,0.432,0.486,0.384,0.199,0.517,0.576,0.441,0.353,0.361,0.348,294,59,529,59,212,16,562,15,506,31,1091,29,0.464,0.032,0.377,0.024,84.836,33.3,3.69,0.0,0.791,95,95,98,117,81,85,62,95,83,96,78,33,40,40,86,95,106,1,117
1629060,Rui,Hachimura,Rui Hachimura,1610612747,Los Angeles,Lakers,LAL,0.465,0.51,0.416,0.075,0.526,0.582,0.45,0.388,0.392,0.385,191,113,335,113,116,69,262,87,307,119,597,119,0.514,0.049,0.443,0.055,88.556,38.3,3.038,0.0,0.788,61,76,40,48,67,81,40,9,9,8,29,15,3,11,28,51,123,1,118
1641764,Brandin,Podziemski,Brandin Podziemski,1610612744,Golden State,Warriors,GSW,0.45,0.516,0.396,0.043,0.53,0.607,0.44,0.364,0.371,0.36,241,88,454,88,153,40,412,40,394,68,866,59,0.455,0.005,0.371,0.007,75.111,43.9,5.565,0.0,0.785,73,71,68,28,60,59,63,53,47,60,93,81,46,57,125,12,27,1,119
1642263,Reed,Sheppard,Reed Sheppard,1610612745,Houston,Rockets,HOU,0.406,0.447,0.374,0.16,0.49,0.553,0.427,0.355,0.366,0.347,180,109,370,109,227,8,576,11,407,60,946,49,0.43,0.024,0.394,0.039,80.938,45.1,4.722,0.0,0.783,116,116,115,102,105,100,92,89,67,97,118,48,23,24,117,9,66,1,120
1628978,Donte,DiVincenzo,Donte DiVincenzo,1610612750,Minnesota,Timberwolves,MIN,0.402,0.439,0.377,0.102,0.578,0.661,0.495,0.351,0.355,0.349,95,123,191,123,244,6,644,3,339,96,835,65,0.406,0.004,0.379,0.028,80.425,42.8,3.563,0.0,0.775,119,121,112,67,23,24,5,102,102,94,124,84,37,35,119,18,110,1,121
1641739,Toumani,Camara,Toumani Camara,1610612757,Portland,Trail Blazers,POR,0.442,0.507,0.39,0.209,0.578,0.672,0.435,0.378,0.381,0.376,173,119,299,119,219,13,592,9,392,71,891,55,0.44,-0.002,0.37,-0.008,87.268,42.4,3.708,0.0,0.772,81,78,83,119,24,19,74,20,24,18,109,91,49,72,48,20,104,1,122
1630572,Sandro,Mamukelashvili,Sandro Mamukelashvili,1610612761,Toronto,Raptors,TOR,0.512,0.596,0.418,0.093,0.637,0.714,0.488,0.375,0.375,0.376,215,113,335,113,115,70,296,74,330,104,631,114,0.523,0.011,0.389,0.014,84.153,50.1,4.782,0.0,0.772,24,21,34,64,5,6,8,24,34,19,20,72,26,49,94,1,63,1,123
1631221,Collin,Gillespie,Collin Gillespie,1610612756,Phoenix,Suns,PHX,0.395,0.424,0.373,0.167,0.474,0.538,0.421,0.358,0.366,0.353,120,121,264,121,232,7,578,10,352,88,842,63,0.418,0.023,0.401,0.043,77.065,46.0,3.978,0.0,0.769,122,124,116,108,115,109,101,75,65,78,122,52,17,20,124,6,98,1,124
1630193,Immanuel,Quickley,Immanuel Quickley,1610612761,Toronto,Raptors,TOR,0.429,0.472,0.394,0.115,0.495,0.549,0.434,0.371,0.376,0.367,223,97,429,97,178,27,476,27,401,64,905,52,0.443,0.014,0.374,0.003,77.712,42.7,5.16,0.0,0.768,98,108,70,78,103,104,77,37,33,40,104,65,44,59,123,19,45,1,125
