PLAYERID,PLAYERNAME,TEAMID,TEAMABBREVIATION,FGM,FGA,AVGDEFENSIVEHANDHEIGHT,AVGDEFENDERBALLDISTANCE,AVGSHOOTERSPEED,AVGROTATIONDEGREES,AVGDEFENDERPRESSURESCORE,AVGDEFENSIVEHANDHEIGHT_RANK,AVGDEFENDERBALLDISTANCE_RANK,AVGSHOOTERSPEED_RANK,AVGROTATIONDEGREES_RANK,AVGDEFENDERPRESSURESCORE_RANK
201942,DeMar DeRozan,1610612758,SAC,499,1005,90.617,28.4,3.582,0.0,0.879,8,124,109,1,1
1629627,Zion Williamson,1610612740,NOP,484,807,91.098,35.0,8.106,0.0,0.873,6,78,2,1,2
1630578,Alperen Sengun,1610612745,HOU,583,1123,88.331,31.9,4.717,0.0,0.865,32,109,68,1,3
201142,Kevin Durant,1610612745,HOU,716,1376,94.534,31.8,3.548,0.0,0.865,1,110,112,1,4
1627742,Brandon Ingram,1610612761,TOR,614,1288,92.886,32.6,4.007,0.0,0.864,2,104,97,1,5
203999,Nikola Jokić,1610612743,DEN,644,1132,90.151,32.8,4.046,0.0,0.864,13,102,95,1,6
1629008,Michael Porter Jr.,1610612751,BKN,444,958,89.548,31.0,3.285,0.0,0.86,17,112,117,1,7
1627759,Jaylen Brown,1610612738,BOS,736,1543,90.068,29.9,4.887,0.0,0.859,14,116,57,1,8
1629651,Nic Claxton,1610612751,BKN,333,583,87.081,34.7,5.077,0.0,0.859,54,82,49,1,9
1626164,Devin Booker,1610612756,PHX,546,1198,90.235,29.3,4.567,0.0,0.858,12,120,73,1,10
1629029,Luka Dončić,1610612747,LAL,693,1457,85.325,32.3,4.134,0.0,0.856,78,106,89,1,11
1642843,Cooper Flagg,1610612742,DAL,559,1194,89.914,34.6,5.452,0.0,0.855,15,84,33,1,12
1642259,Alex Sarr,1610612764,WAS,316,656,92.788,29.5,3.892,0.0,0.855,3,118,100,1,13
1631105,Jalen Duren,1610612765,DET,522,803,85.206,38.6,5.748,0.0,0.855,81,49,21,1,14
1642852,Derik Queen,1610612740,NOP,354,748,88.484,34.9,5.197,0.0,0.852,29,80,43,1,15
1630567,Scottie Barnes,1610612761,TOR,569,1123,89.419,33.7,4.481,0.0,0.851,20,92,76,1,16
202695,Kawhi Leonard,1610612746,LAC,635,1258,89.462,34.5,3.837,0.0,0.851,19,87,101,1,17
1631094,Paolo Banchero,1610612753,ORL,529,1152,90.628,33.3,5.236,0.0,0.851,7,96,41,1,18
1641705,Victor Wembanyama,1610612759,SAS,553,1080,88.005,37.1,4.794,0.0,0.851,36,62,62,1,19
203954,Joel Embiid,1610612755,PHI,341,697,85.321,33.1,3.266,0.0,0.85,79,98,118,1,20
1629028,Deandre Ayton,1610612747,LAL,403,601,85.892,34.9,3.555,0.0,0.85,72,81,111,1,21
1630596,Evan Mobley,1610612739,CLE,469,859,90.46,34.4,4.078,0.0,0.848,9,88,93,1,22
203507,Giannis Antetokounmpo,1610612749,MIL,373,598,87.171,28.8,6.376,0.0,0.848,52,122,9,1,23
1630595,Cade Cunningham,1610612765,DET,548,1189,89.734,29.4,5.529,0.0,0.847,16,119,28,1,24
201935,James Harden,1610612739,CLE,487,1123,88.917,30.2,5.782,0.0,0.847,26,114,18,1,25
1629674,Neemias Queta,1610612738,BOS,326,499,85.538,38.6,4.918,0.0,0.846,75,50,55,1,26
1630552,Jalen Johnson,1610612737,ATL,600,1228,87.385,35.0,4.981,0.0,0.844,43,79,54,1,27
1628973,Jalen Brunson,1610612752,NYK,689,1475,83.463,32.3,4.888,0.0,0.844,103,105,56,1,28
1631170,Jaime Jaquez Jr.,1610612748,MIA,464,915,87.855,34.7,5.825,0.0,0.844,39,83,17,1,29
1630173,Precious Achiuwa,1610612758,SAC,316,598,88.392,41.0,4.769,0.0,0.843,30,27,65,1,30
1630162,Anthony Edwards,1610612750,MIN,602,1231,88.652,35.2,4.121,0.0,0.843,27,76,92,1,31
1628983,Shai Gilgeous-Alexander,1610612760,OKC,731,1321,87.303,28.5,5.296,0.0,0.843,46,123,39,1,32
1626181,Norman Powell,1610612748,MIA,421,895,89.202,32.9,5.86,0.0,0.842,22,101,16,1,33
203497,Rudy Gobert,1610612750,MIN,335,491,84.823,39.0,4.172,0.0,0.842,87,44,87,1,34
1641718,Keyonte George,1610612762,UTA,402,881,88.283,32.0,5.52,0.0,0.839,34,108,29,1,35
1628991,Jaren Jackson Jr.,1610612762,UTA,342,719,87.84,29.1,5.054,0.0,0.838,40,121,51,1,36
1627783,Pascal Siakam,1610612754,IND,559,1155,84.332,36.7,5.511,0.0,0.836,93,64,31,1,37
1628386,Jarrett Allen,1610612739,CLE,337,528,84.81,37.2,5.35,0.0,0.836,88,60,36,1,38
1630230,Naji Marshall,1610612742,DAL,419,821,87.285,34.6,5.117,0.0,0.835,47,85,48,1,39
1626157,Karl-Anthony Towns,1610612752,NYK,517,1032,83.615,36.0,5.012,0.0,0.835,102,73,53,1,40
1629640,Keldon Johnson,1610612759,SAS,414,797,89.177,36.2,4.306,0.0,0.834,23,72,84,1,41
1642276,Kel'el Ware,1610612748,MIA,344,649,87.909,38.0,2.947,0.0,0.834,37,52,124,1,42
1626171,Bobby Portis,1610612749,MIL,366,750,89.027,33.2,3.23,0.0,0.833,25,97,119,1,43
1631101,Shaedon Sharpe,1610612757,POR,392,868,86.888,31.0,5.718,0.0,0.832,56,111,22,1,44
1628378,Donovan Mitchell,1610612739,CLE,678,1403,85.516,33.5,5.195,0.0,0.831,76,94,44,1,45
203944,Julius Randle,1610612750,MIN,580,1207,87.255,36.6,5.367,0.0,0.831,49,65,35,1,46
203952,Andrew Wiggins,1610612748,MIA,390,821,91.761,30.1,4.364,0.0,0.83,4,115,81,1,47
1628374,Lauri Markkanen,1610612762,UTA,384,805,89.494,26.8,4.312,0.0,0.83,18,125,83,1,48
1631096,Chet Holmgren,1610612760,OKC,434,779,87.877,37.1,3.958,0.0,0.83,38,61,99,1,49
1627750,Jamal Murray,1610612743,DEN,657,1360,87.238,33.8,5.23,0.0,0.83,51,91,42,1,50
203468,CJ McCollum,1610612737,ATL,525,1154,86.579,33.5,5.302,0.0,0.829,61,93,38,1,51
1641709,Ausar Thompson,1610612765,DET,303,577,86.077,37.9,6.242,0.0,0.829,69,55,10,1,52
2544,LeBron James,1610612747,LAL,473,919,85.269,47.7,6.882,0.0,0.829,80,2,7,1,53
1642845,VJ Edgecombe,1610612755,PHI,451,1030,86.011,36.6,4.817,0.0,0.828,70,66,61,1,54
1642264,Stephon Castle,1610612759,SAS,385,817,84.445,39.7,5.124,0.0,0.826,91,39,47,1,55
1642875,Maxime Raynaud,1610612758,SAC,383,671,84.868,46.5,4.436,0.0,0.824,85,5,78,1,56
1628389,Bam Adebayo,1610612748,MIA,506,1145,85.727,40.5,3.669,0.0,0.824,74,30,107,1,57
203924,Jerami Grant,1610612757,POR,331,730,91.607,33.1,4.696,0.0,0.824,5,99,69,1,58
1630183,Jaden McDaniels,1610612750,MIN,417,809,84.075,41.6,4.496,0.0,0.823,96,22,75,1,59
1628415,Dillon Brooks,1610612756,PHX,417,959,86.193,36.4,4.06,0.0,0.822,67,68,94,1,60
1641716,Jarace Walker,1610612754,IND,307,733,88.301,38.9,4.833,0.0,0.821,33,45,59,1,61
1630200,Tre Jones,1610612741,CHI,341,617,86.502,38.8,9.037,0.0,0.821,62,47,1,1,62
1642907,Cedric Coward,1610612763,MEM,305,648,87.615,34.5,4.544,0.0,0.821,42,86,74,1,63
1641824,Matas Buzelis,1610612741,CHI,446,963,88.243,36.2,5.602,0.0,0.82,35,71,25,1,64
1631157,Ryan Rollins,1610612749,MIL,486,1030,88.368,32.3,5.263,0.0,0.82,31,107,40,1,65
1628368,De'Aaron Fox,1610612759,SAS,509,1047,85.137,37.5,4.394,0.0,0.82,82,59,79,1,66
1628381,John Collins,1610612746,LAC,364,659,87.248,38.9,4.149,0.0,0.82,50,46,88,1,67
1630217,Desmond Bane,1610612753,ORL,583,1205,85.763,36.5,6.538,0.0,0.82,73,67,8,1,68
1629012,Collin Sexton,1610612741,CHI,360,742,86.298,33.0,5.656,0.0,0.82,65,100,23,1,69
1628398,Kyle Kuzma,1610612749,MIL,339,689,86.628,37.5,6.004,0.0,0.819,60,58,14,1,70
1630166,Deni Avdija,1610612757,POR,492,1064,86.82,33.8,5.782,0.0,0.818,57,90,19,1,71
1628401,Derrick White,1610612738,BOS,437,1108,82.541,36.0,3.439,0.0,0.818,107,74,115,1,72
1642844,Dylan Harper,1610612759,SAS,331,656,85.116,41.0,6.03,0.0,0.817,83,26,12,1,73
1628970,Miles Bridges,1610612766,CHA,479,1042,85.062,36.2,5.055,0.0,0.817,84,69,50,1,74
1641729,Brice Sensabaugh,1610612762,UTA,394,857,89.06,37.7,3.795,0.0,0.817,24,57,102,1,75
1629628,RJ Barrett,1610612761,TOR,401,816,86.304,32.7,5.474,0.0,0.817,64,103,32,1,76
1630581,Josh Giddey,1610612741,CHI,321,717,82.376,36.2,6.028,0.0,0.816,108,70,13,1,77
1631095,Jabari Smith Jr.,1610612745,HOU,438,974,89.366,40.5,3.068,0.0,0.816,21,31,122,1,78
1630559,Austin Reaves,1610612747,LAL,373,762,81.665,35.0,5.959,0.0,0.816,112,77,15,1,79
1630700,Dyson Daniels,1610612737,ATL,402,777,83.935,41.9,7.0,0.0,0.816,98,21,6,1,80
202699,Tobias Harris,1610612765,DET,309,659,86.383,43.8,4.68,0.0,0.816,63,14,71,1,81
1642847,Jeremiah Fears,1610612740,NOP,437,1006,81.805,39.1,7.414,0.0,0.815,110,43,3,1,82
1630170,Devin Vassell,1610612759,SAS,330,755,90.266,35.5,3.704,0.0,0.815,11,75,105,1,83
1642271,Kyle Filipowski,1610612762,UTA,323,657,86.8,41.2,4.722,0.0,0.815,58,25,67,1,84
201950,Jrue Holiday,1610612757,POR,320,709,83.086,29.6,4.339,0.0,0.815,104,117,82,1,85
1641708,Amen Thompson,1610612745,HOU,557,1044,81.452,45.1,6.182,0.0,0.814,115,8,11,1,86
1642270,Donovan Clingan,1610612757,POR,356,684,84.573,46.9,2.933,0.0,0.813,89,4,125,1,87
201939,Stephen Curry,1610612744,GSW,374,799,79.887,30.4,4.672,0.0,0.813,121,113,72,1,88
203501,Tim Hardaway Jr.,1610612743,DEN,348,779,87.158,38.0,3.133,0.0,0.813,53,54,121,1,89
1628969,Mikal Bridges,1610612752,NYK,472,963,87.643,41.0,5.149,0.0,0.809,41,28,46,1,90
1628404,Josh Hart,1610612752,NYK,301,592,86.636,46.0,5.328,0.0,0.808,59,7,37,1,91
1630180,Saddiq Bey,1610612740,NOP,436,967,83.863,37.8,5.511,0.0,0.807,99,56,30,1,92
1629656,Quentin Grimes,1610612755,PHI,340,755,86.258,39.7,5.761,0.0,0.807,66,40,20,1,93
1642267,Bub Carrington,1610612764,WAS,314,741,87.357,40.0,3.547,0.0,0.807,44,35,113,1,94
1629638,Nickeil Alexander-Walker,1610612737,ATL,548,1195,86.082,39.7,4.832,0.0,0.806,68,38,60,1,95
1641706,Brandon Miller,1610612766,CHA,454,1044,83.668,44.1,4.371,0.0,0.805,101,11,80,1,96
1630163,LaMelo Ball,1610612766,CHA,506,1244,80.56,40.0,5.033,0.0,0.805,118,34,52,1,97
201566,Russell Westbrook,1610612758,SAC,358,839,79.289,42.9,5.392,0.0,0.804,122,17,34,1,98
1631108,Max Christie,1610612742,DAL,320,725,90.417,34.3,4.034,0.0,0.803,10,89,96,1,99
1629675,Naz Reid,1610612750,MIN,397,871,86.0,41.5,4.199,0.0,0.803,71,24,86,1,100
1642281,Jaylon Tyson,1610612739,CLE,330,670,82.359,40.5,4.882,0.0,0.801,109,29,58,1,101
1630178,Tyrese Maxey,1610612755,PHI,694,1501,81.546,38.7,7.192,0.0,0.801,114,48,5,1,102
1628384,OG Anunoby,1610612752,NYK,389,804,86.938,39.4,4.291,0.0,0.801,55,41,85,1,103
1628976,Wendell Carter Jr.,1610612753,ORL,326,637,84.107,47.1,3.166,0.0,0.8,95,3,120,1,104
1642851,Kon Knueppel,1610612766,CHA,515,1084,84.467,36.8,4.688,0.0,0.8,90,63,70,1,105
1629614,Andrew Nembhard,1610612754,IND,333,753,81.36,40.1,4.438,0.0,0.8,116,32,77,1,106
1630168,Onyeka Okongwu,1610612737,ATL,413,860,83.727,43.0,4.126,0.0,0.799,100,16,91,1,107
1642377,Jaylen Wells,1610612763,MEM,301,698,84.065,39.9,3.604,0.0,0.798,97,36,108,1,108
1630530,Trey Murphy III,1610612740,NOP,494,1050,81.573,39.3,4.78,0.0,0.798,113,42,64,1,109
1642846,Ace Bailey,1610612762,UTA,395,892,82.827,43.8,3.737,0.0,0.797,105,13,103,1,110
1641710,Anthony Black,1610612753,ORL,345,772,82.629,44.1,5.58,0.0,0.796,106,10,26,1,111
202696,Nikola Vučević,1610612738,BOS,394,799,81.667,41.6,4.129,0.0,0.796,111,23,90,1,112
1629636,Darius Garland,1610612746,LAC,309,672,80.313,43.7,5.618,0.0,0.796,120,15,24,1,113
1629130,Duncan Robinson,1610612765,DET,318,698,85.45,38.0,3.289,0.0,0.794,77,53,116,1,114
1630577,Julian Champagnie,1610612759,SAS,301,689,87.335,39.8,3.445,0.0,0.794,45,37,114,1,115
1630245,Ayo Dosunmu,1610612750,MIN,386,747,84.362,40.0,7.408,0.0,0.791,92,33,4,1,116
1630202,Payton Pritchard,1610612738,BOS,506,1091,84.836,33.3,3.69,0.0,0.791,86,95,106,1,117
1629060,Rui Hachimura,1610612747,LAL,307,597,88.556,38.3,3.038,0.0,0.788,28,51,123,1,118
1641764,Brandin Podziemski,1610612744,GSW,394,866,75.111,43.9,5.565,0.0,0.785,125,12,27,1,119
1642263,Reed Sheppard,1610612745,HOU,407,946,80.938,45.1,4.722,0.0,0.783,117,9,66,1,120
1628978,Donte DiVincenzo,1610612750,MIN,339,835,80.425,42.8,3.563,0.0,0.775,119,18,110,1,121
1641739,Toumani Camara,1610612757,POR,392,891,87.268,42.4,3.708,0.0,0.772,48,20,104,1,122
1630572,Sandro Mamukelashvili,1610612761,TOR,330,631,84.153,50.1,4.782,0.0,0.772,94,1,63,1,123
1631221,Collin Gillespie,1610612756,PHX,352,842,77.065,46.0,3.978,0.0,0.769,124,6,98,1,124
1630193,Immanuel Quickley,1610612761,TOR,401,905,77.712,42.7,5.16,0.0,0.768,123,19,45,1,125
